[  -74817ms] [ERROR] Failed to load resource: the server responded with a status of 424 (Failed Dependency) @ https://t.adx.opera.com/pub/sync?pubid=pub10101531197440&gdpr=1&gdpr_consent=:0
[   -3242ms] [ERROR] Failed to load resource: the server responded with a status of 424 (Failed Dependency) @ https://t.adx.opera.com/pub/sync?pubid=pub10101531197440&gdpr=1&gdpr_consent=:0
[   -2913ms] [ERROR] Failed to load resource: the server responded with a status of 424 (Failed Dependency) @ https://t.adx.opera.com/pub/sync?pubid=pub10101531197440&gdpr=1&gdpr_consent=:0
[    -480ms] [ERROR] Failed to load resource: the server responded with a status of 404 () @ https://cs.admanmedia.com/94fd017f496d404a25fc5546f959bf2f.gif?gdpr=&gdpr_consent=&us_privacy=&redir=https%3A%2F%2Fsync.kueezrtb.com%2Fapi%2Fcookie%3FpartnerId%3Dkueez-acuity%26gdpr%3D%26gdpr_consent%3D%26us_privacy%3D%26userId%3D%5BUID%5D:0
[    -456ms] [ERROR] Failed to load resource: the server responded with a status of 404 (Not Found) @ https://us4.shb-sync.com/a760a5a7-e35e-49b8-9f5e-723455346741.gif?puid=d6831260-f000-1b40-7326-ad918a98bcb6&gdpr=&gdpr_consent=ccpa=:0
[   -2254ms] [ERROR] Failed to load resource: net::ERR_NAME_NOT_RESOLVED @ https://cs.iqzone.com/6f0476ca45e1d6b67e3ee8d57532a022.gif?redir=https%3A%2F%2Fsync.cootlogix.com%2Fapi%2Fcookie%3FpartnerId%3Diqzone%26gdpr%3D%26gdpr_consent%3D%26us_privacy%3D%26userId%3D%5BUID%5D&gdpr=&gdpr_consent=&ccpa=:0
[   -1986ms] [ERROR] Failed to load resource: net::ERR_NAME_NOT_RESOLVED @ https://cs.iqzone.com/6f0476ca45e1d6b67e3ee8d57532a022.gif?redir=https%3A%2F%2Fsync.cootlogix.com%2Fapi%2Fcookie%3FpartnerId%3Diqzone%26gdpr%3D%26gdpr_consent%3D%26us_privacy%3D%26userId%3D%5BUID%5D&gdpr=&gdpr_consent=&ccpa=:0
[   -1945ms] [ERROR] Failed to load resource: net::ERR_NAME_NOT_RESOLVED @ https://cs.iqzone.com/6f0476ca45e1d6b67e3ee8d57532a022.gif?redir=https%3A%2F%2Fsync.cootlogix.com%2Fapi%2Fcookie%3FpartnerId%3Diqzone%26gdpr%3D%26gdpr_consent%3D%26us_privacy%3D%26userId%3D%5BUID%5D&gdpr=&gdpr_consent=&ccpa=:0
[   -1748ms] [ERROR] Failed to load resource: net::ERR_NAME_NOT_RESOLVED @ https://cs.iqzone.com/6f0476ca45e1d6b67e3ee8d57532a022.gif?redir=https%3A%2F%2Fsync.cootlogix.com%2Fapi%2Fcookie%3FpartnerId%3Diqzone%26gdpr%3D%26gdpr_consent%3D%26us_privacy%3D%26userId%3D%5BUID%5D&gdpr=&gdpr_consent=&ccpa=:0
[   -1478ms] [ERROR] Failed to load resource: net::ERR_NAME_NOT_RESOLVED @ https://cs.iqzone.com/6f0476ca45e1d6b67e3ee8d57532a022.gif?redir=https%3A%2F%2Fsync.cootlogix.com%2Fapi%2Fcookie%3FpartnerId%3Diqzone%26gdpr%3D%26gdpr_consent%3D%26us_privacy%3D%26userId%3D%5BUID%5D&gdpr=&gdpr_consent=&ccpa=:0
[   -1419ms] [ERROR] Failed to load resource: net::ERR_NAME_NOT_RESOLVED @ https://cs.iqzone.com/6f0476ca45e1d6b67e3ee8d57532a022.gif?redir=https%3A%2F%2Fsync.cootlogix.com%2Fapi%2Fcookie%3FpartnerId%3Diqzone%26gdpr%3D%26gdpr_consent%3D%26us_privacy%3D%26userId%3D%5BUID%5D&gdpr=&gdpr_consent=&ccpa=:0
[    -882ms] [ERROR] Failed to load resource: the server responded with a status of 404 (Not Found) @ https://us4.shb-sync.com/a760a5a7-e35e-49b8-9f5e-723455346741.gif?puid=d6831260-f000-1b40-7326-ad918a98bcb6&gdpr=&gdpr_consent=ccpa=:0
[    -711ms] [ERROR] Failed to load resource: net::ERR_NAME_NOT_RESOLVED @ https://cs.iqzone.com/6f0476ca45e1d6b67e3ee8d57532a022.gif?redir=https%3A%2F%2Fsync.cootlogix.com%2Fapi%2Fcookie%3FpartnerId%3Diqzone%26gdpr%3D%26gdpr_consent%3D%26us_privacy%3D%26userId%3D%5BUID%5D&gdpr=&gdpr_consent=&ccpa=:0
[    -670ms] [ERROR] Failed to load resource: the server responded with a status of 404 (Not Found) @ https://us4.shb-sync.com/a760a5a7-e35e-49b8-9f5e-723455346741.gif?puid=d6831260-f000-1b40-7326-ad918a98bcb6&gdpr=&gdpr_consent=ccpa=:0
[    -669ms] [ERROR] Failed to load resource: net::ERR_NAME_NOT_RESOLVED @ https://cs.iqzone.com/6f0476ca45e1d6b67e3ee8d57532a022.gif?redir=https%3A%2F%2Fsync.cootlogix.com%2Fapi%2Fcookie%3FpartnerId%3Diqzone%26gdpr%3D%26gdpr_consent%3D%26us_privacy%3D%26userId%3D%5BUID%5D&gdpr=&gdpr_consent=&ccpa=:0
[    -617ms] [ERROR] Failed to load resource: net::ERR_NAME_NOT_RESOLVED @ https://cs.iqzone.com/6f0476ca45e1d6b67e3ee8d57532a022.gif?redir=https%3A%2F%2Fsync.cootlogix.com%2Fapi%2Fcookie%3FpartnerId%3Diqzone%26gdpr%3D%26gdpr_consent%3D%26us_privacy%3D%26userId%3D%5BUID%5D&gdpr=&gdpr_consent=&ccpa=:0
[    -456ms] [ERROR] Failed to load resource: the server responded with a status of 404 (Not Found) @ https://us4.shb-sync.com/a760a5a7-e35e-49b8-9f5e-723455346741.gif?puid=d6831260-f000-1b40-7326-ad918a98bcb6&gdpr=&gdpr_consent=ccpa=:0
[   -2254ms] [ERROR] Failed to load resource: net::ERR_NAME_NOT_RESOLVED @ https://cs.iqzone.com/6f0476ca45e1d6b67e3ee8d57532a022.gif?redir=https%3A%2F%2Fsync.cootlogix.com%2Fapi%2Fcookie%3FpartnerId%3Diqzone%26gdpr%3D%26gdpr_consent%3D%26us_privacy%3D%26userId%3D%5BUID%5D&gdpr=&gdpr_consent=&ccpa=:0
[   -1986ms] [ERROR] Failed to load resource: net::ERR_NAME_NOT_RESOLVED @ https://cs.iqzone.com/6f0476ca45e1d6b67e3ee8d57532a022.gif?redir=https%3A%2F%2Fsync.cootlogix.com%2Fapi%2Fcookie%3FpartnerId%3Diqzone%26gdpr%3D%26gdpr_consent%3D%26us_privacy%3D%26userId%3D%5BUID%5D&gdpr=&gdpr_consent=&ccpa=:0
[   -1945ms] [ERROR] Failed to load resource: net::ERR_NAME_NOT_RESOLVED @ https://cs.iqzone.com/6f0476ca45e1d6b67e3ee8d57532a022.gif?redir=https%3A%2F%2Fsync.cootlogix.com%2Fapi%2Fcookie%3FpartnerId%3Diqzone%26gdpr%3D%26gdpr_consent%3D%26us_privacy%3D%26userId%3D%5BUID%5D&gdpr=&gdpr_consent=&ccpa=:0
[   -1748ms] [ERROR] Failed to load resource: net::ERR_NAME_NOT_RESOLVED @ https://cs.iqzone.com/6f0476ca45e1d6b67e3ee8d57532a022.gif?redir=https%3A%2F%2Fsync.cootlogix.com%2Fapi%2Fcookie%3FpartnerId%3Diqzone%26gdpr%3D%26gdpr_consent%3D%26us_privacy%3D%26userId%3D%5BUID%5D&gdpr=&gdpr_consent=&ccpa=:0
[   -1478ms] [ERROR] Failed to load resource: net::ERR_NAME_NOT_RESOLVED @ https://cs.iqzone.com/6f0476ca45e1d6b67e3ee8d57532a022.gif?redir=https%3A%2F%2Fsync.cootlogix.com%2Fapi%2Fcookie%3FpartnerId%3Diqzone%26gdpr%3D%26gdpr_consent%3D%26us_privacy%3D%26userId%3D%5BUID%5D&gdpr=&gdpr_consent=&ccpa=:0
[   -1419ms] [ERROR] Failed to load resource: net::ERR_NAME_NOT_RESOLVED @ https://cs.iqzone.com/6f0476ca45e1d6b67e3ee8d57532a022.gif?redir=https%3A%2F%2Fsync.cootlogix.com%2Fapi%2Fcookie%3FpartnerId%3Diqzone%26gdpr%3D%26gdpr_consent%3D%26us_privacy%3D%26userId%3D%5BUID%5D&gdpr=&gdpr_consent=&ccpa=:0
[    -882ms] [ERROR] Failed to load resource: the server responded with a status of 404 (Not Found) @ https://us4.shb-sync.com/a760a5a7-e35e-49b8-9f5e-723455346741.gif?puid=d6831260-f000-1b40-7326-ad918a98bcb6&gdpr=&gdpr_consent=ccpa=:0
[    -711ms] [ERROR] Failed to load resource: net::ERR_NAME_NOT_RESOLVED @ https://cs.iqzone.com/6f0476ca45e1d6b67e3ee8d57532a022.gif?redir=https%3A%2F%2Fsync.cootlogix.com%2Fapi%2Fcookie%3FpartnerId%3Diqzone%26gdpr%3D%26gdpr_consent%3D%26us_privacy%3D%26userId%3D%5BUID%5D&gdpr=&gdpr_consent=&ccpa=:0
[    -670ms] [ERROR] Failed to load resource: the server responded with a status of 404 (Not Found) @ https://us4.shb-sync.com/a760a5a7-e35e-49b8-9f5e-723455346741.gif?puid=d6831260-f000-1b40-7326-ad918a98bcb6&gdpr=&gdpr_consent=ccpa=:0
[    -669ms] [ERROR] Failed to load resource: net::ERR_NAME_NOT_RESOLVED @ https://cs.iqzone.com/6f0476ca45e1d6b67e3ee8d57532a022.gif?redir=https%3A%2F%2Fsync.cootlogix.com%2Fapi%2Fcookie%3FpartnerId%3Diqzone%26gdpr%3D%26gdpr_consent%3D%26us_privacy%3D%26userId%3D%5BUID%5D&gdpr=&gdpr_consent=&ccpa=:0
[    -617ms] [ERROR] Failed to load resource: net::ERR_NAME_NOT_RESOLVED @ https://cs.iqzone.com/6f0476ca45e1d6b67e3ee8d57532a022.gif?redir=https%3A%2F%2Fsync.cootlogix.com%2Fapi%2Fcookie%3FpartnerId%3Diqzone%26gdpr%3D%26gdpr_consent%3D%26us_privacy%3D%26userId%3D%5BUID%5D&gdpr=&gdpr_consent=&ccpa=:0
[    -456ms] [ERROR] Failed to load resource: the server responded with a status of 404 (Not Found) @ https://us4.shb-sync.com/a760a5a7-e35e-49b8-9f5e-723455346741.gif?puid=d6831260-f000-1b40-7326-ad918a98bcb6&gdpr=&gdpr_consent=ccpa=:0
[    -367ms] [ERROR] Failed to load resource: net::ERR_NAME_NOT_RESOLVED @ https://cs.iqzone.com/6f0476ca45e1d6b67e3ee8d57532a022.gif?redir=https%3A%2F%2Fsync.cootlogix.com%2Fapi%2Fcookie%3FpartnerId%3Diqzone%26gdpr%3D%26gdpr_consent%3D%26us_privacy%3D%26userId%3D%5BUID%5D&gdpr=&gdpr_consent=&ccpa=:0
[    -321ms] [ERROR] Failed to load resource: net::ERR_NAME_NOT_RESOLVED @ https://cs.iqzone.com/6f0476ca45e1d6b67e3ee8d57532a022.gif?redir=https%3A%2F%2Fsync.cootlogix.com%2Fapi%2Fcookie%3FpartnerId%3Diqzone%26gdpr%3D%26gdpr_consent%3D%26us_privacy%3D%26userId%3D%5BUID%5D&gdpr=&gdpr_consent=&ccpa=:0
[    -239ms] [ERROR] Failed to load resource: the server responded with a status of 404 (Not Found) @ https://us4.shb-sync.com/a760a5a7-e35e-49b8-9f5e-723455346741.gif?puid=d6831260-f000-1b40-7326-ad918a98bcb6&gdpr=&gdpr_consent=ccpa=:0
[   -4695ms] [ERROR] Failed to load resource: the server responded with a status of 403 () @ chrome-error://chromewebdata/:0
[   -4692ms] [ERROR] Refused to display 'https://csync-apac.smilewanted.com/' in a frame because it set 'X-Frame-Options' to 'sameorigin'. @ chrome-error://chromewebdata/:0
[   -3644ms] [ERROR] Failed to load resource: the server responded with a status of 403 () @ chrome-error://chromewebdata/:0
[   -3642ms] [ERROR] Refused to display 'https://csync-apac.smilewanted.com/' in a frame because it set 'X-Frame-Options' to 'sameorigin'. @ chrome-error://chromewebdata/:0
[   -3200ms] [ERROR] Failed to load resource: the server responded with a status of 403 () @ chrome-error://chromewebdata/:0
[   -3198ms] [ERROR] Refused to display 'https://csync-apac.smilewanted.com/' in a frame because it set 'X-Frame-Options' to 'sameorigin'. @ chrome-error://chromewebdata/:0
[   -2816ms] [ERROR] Failed to load resource: the server responded with a status of 403 () @ chrome-error://chromewebdata/:0
[   -2815ms] [ERROR] Refused to display 'https://csync-apac.smilewanted.com/' in a frame because it set 'X-Frame-Options' to 'sameorigin'. @ chrome-error://chromewebdata/:0
[   -2268ms] [ERROR] Failed to load resource: the server responded with a status of 403 () @ chrome-error://chromewebdata/:0
[   -2267ms] [ERROR] Refused to display 'https://csync-apac.smilewanted.com/' in a frame because it set 'X-Frame-Options' to 'sameorigin'. @ chrome-error://chromewebdata/:0
[   -1231ms] [ERROR] Failed to load resource: the server responded with a status of 403 () @ chrome-error://chromewebdata/:0
[   -1229ms] [ERROR] Refused to display 'https://csync-apac.smilewanted.com/' in a frame because it set 'X-Frame-Options' to 'sameorigin'. @ chrome-error://chromewebdata/:0
[   -2289ms] [ERROR] Failed to load resource: the server responded with a status of 404 () @ https://cs.admanmedia.com/94fd017f496d404a25fc5546f959bf2f.gif?gdpr=&gdpr_consent=&us_privacy=&redir=https%3A%2F%2Fsync.kueezrtb.com%2Fapi%2Fcookie%3FpartnerId%3Dkueez-acuity%26gdpr%3D%26gdpr_consent%3D%26us_privacy%3D%26userId%3D%5BUID%5D:0
[   -2052ms] [ERROR] Failed to load resource: the server responded with a status of 404 () @ https://cs.admanmedia.com/94fd017f496d404a25fc5546f959bf2f.gif?gdpr=&gdpr_consent=&us_privacy=&redir=https%3A%2F%2Fsync.kueezrtb.com%2Fapi%2Fcookie%3FpartnerId%3Dkueez-acuity%26gdpr%3D%26gdpr_consent%3D%26us_privacy%3D%26userId%3D%5BUID%5D:0
[   -1127ms] [ERROR] Failed to load resource: the server responded with a status of 404 () @ https://cs.admanmedia.com/94fd017f496d404a25fc5546f959bf2f.gif?gdpr=&gdpr_consent=&us_privacy=&redir=https%3A%2F%2Fsync.kueezrtb.com%2Fapi%2Fcookie%3FpartnerId%3Dkueez-acuity%26gdpr%3D%26gdpr_consent%3D%26us_privacy%3D%26userId%3D%5BUID%5D:0
[    -920ms] [ERROR] Failed to load resource: the server responded with a status of 404 () @ https://cs.admanmedia.com/94fd017f496d404a25fc5546f959bf2f.gif?gdpr=&gdpr_consent=&us_privacy=&redir=https%3A%2F%2Fsync.kueezrtb.com%2Fapi%2Fcookie%3FpartnerId%3Dkueez-acuity%26gdpr%3D%26gdpr_consent%3D%26us_privacy%3D%26userId%3D%5BUID%5D:0
[    -705ms] [ERROR] Failed to load resource: the server responded with a status of 404 () @ https://cs.admanmedia.com/94fd017f496d404a25fc5546f959bf2f.gif?gdpr=&gdpr_consent=&us_privacy=&redir=https%3A%2F%2Fsync.kueezrtb.com%2Fapi%2Fcookie%3FpartnerId%3Dkueez-acuity%26gdpr%3D%26gdpr_consent%3D%26us_privacy%3D%26userId%3D%5BUID%5D:0
[    -480ms] [ERROR] Failed to load resource: the server responded with a status of 404 () @ https://cs.admanmedia.com/94fd017f496d404a25fc5546f959bf2f.gif?gdpr=&gdpr_consent=&us_privacy=&redir=https%3A%2F%2Fsync.kueezrtb.com%2Fapi%2Fcookie%3FpartnerId%3Dkueez-acuity%26gdpr%3D%26gdpr_consent%3D%26us_privacy%3D%26userId%3D%5BUID%5D:0
[     -28ms] [ERROR] Failed to load resource: the server responded with a status of 404 (Not Found) @ https://us4.shb-sync.com/a760a5a7-e35e-49b8-9f5e-723455346741.gif?puid=d6831260-f000-1b40-7326-ad918a98bcb6&gdpr=&gdpr_consent=ccpa=:0
[  -74817ms] [ERROR] Failed to load resource: the server responded with a status of 424 (Failed Dependency) @ https://t.adx.opera.com/pub/sync?pubid=pub10101531197440&gdpr=1&gdpr_consent=:0
[   -3242ms] [ERROR] Failed to load resource: the server responded with a status of 424 (Failed Dependency) @ https://t.adx.opera.com/pub/sync?pubid=pub10101531197440&gdpr=1&gdpr_consent=:0
[   -2913ms] [ERROR] Failed to load resource: the server responded with a status of 424 (Failed Dependency) @ https://t.adx.opera.com/pub/sync?pubid=pub10101531197440&gdpr=1&gdpr_consent=:0
[  -74817ms] [ERROR] Failed to load resource: the server responded with a status of 424 (Failed Dependency) @ https://t.adx.opera.com/pub/sync?pubid=pub10101531197440&gdpr=1&gdpr_consent=:0
[   -3242ms] [ERROR] Failed to load resource: the server responded with a status of 424 (Failed Dependency) @ https://t.adx.opera.com/pub/sync?pubid=pub10101531197440&gdpr=1&gdpr_consent=:0
[   -2913ms] [ERROR] Failed to load resource: the server responded with a status of 424 (Failed Dependency) @ https://t.adx.opera.com/pub/sync?pubid=pub10101531197440&gdpr=1&gdpr_consent=:0
[   -2289ms] [ERROR] Failed to load resource: the server responded with a status of 404 () @ https://cs.admanmedia.com/94fd017f496d404a25fc5546f959bf2f.gif?gdpr=&gdpr_consent=&us_privacy=&redir=https%3A%2F%2Fsync.kueezrtb.com%2Fapi%2Fcookie%3FpartnerId%3Dkueez-acuity%26gdpr%3D%26gdpr_consent%3D%26us_privacy%3D%26userId%3D%5BUID%5D:0
[   -2052ms] [ERROR] Failed to load resource: the server responded with a status of 404 () @ https://cs.admanmedia.com/94fd017f496d404a25fc5546f959bf2f.gif?gdpr=&gdpr_consent=&us_privacy=&redir=https%3A%2F%2Fsync.kueezrtb.com%2Fapi%2Fcookie%3FpartnerId%3Dkueez-acuity%26gdpr%3D%26gdpr_consent%3D%26us_privacy%3D%26userId%3D%5BUID%5D:0
[   -1127ms] [ERROR] Failed to load resource: the server responded with a status of 404 () @ https://cs.admanmedia.com/94fd017f496d404a25fc5546f959bf2f.gif?gdpr=&gdpr_consent=&us_privacy=&redir=https%3A%2F%2Fsync.kueezrtb.com%2Fapi%2Fcookie%3FpartnerId%3Dkueez-acuity%26gdpr%3D%26gdpr_consent%3D%26us_privacy%3D%26userId%3D%5BUID%5D:0
[    -920ms] [ERROR] Failed to load resource: the server responded with a status of 404 () @ https://cs.admanmedia.com/94fd017f496d404a25fc5546f959bf2f.gif?gdpr=&gdpr_consent=&us_privacy=&redir=https%3A%2F%2Fsync.kueezrtb.com%2Fapi%2Fcookie%3FpartnerId%3Dkueez-acuity%26gdpr%3D%26gdpr_consent%3D%26us_privacy%3D%26userId%3D%5BUID%5D:0
[    -705ms] [ERROR] Failed to load resource: the server responded with a status of 404 () @ https://cs.admanmedia.com/94fd017f496d404a25fc5546f959bf2f.gif?gdpr=&gdpr_consent=&us_privacy=&redir=https%3A%2F%2Fsync.kueezrtb.com%2Fapi%2Fcookie%3FpartnerId%3Dkueez-acuity%26gdpr%3D%26gdpr_consent%3D%26us_privacy%3D%26userId%3D%5BUID%5D:0
[    -480ms] [ERROR] Failed to load resource: the server responded with a status of 404 () @ https://cs.admanmedia.com/94fd017f496d404a25fc5546f959bf2f.gif?gdpr=&gdpr_consent=&us_privacy=&redir=https%3A%2F%2Fsync.kueezrtb.com%2Fapi%2Fcookie%3FpartnerId%3Dkueez-acuity%26gdpr%3D%26gdpr_consent%3D%26us_privacy%3D%26userId%3D%5BUID%5D:0
[   -2254ms] [ERROR] Failed to load resource: net::ERR_NAME_NOT_RESOLVED @ https://cs.iqzone.com/6f0476ca45e1d6b67e3ee8d57532a022.gif?redir=https%3A%2F%2Fsync.cootlogix.com%2Fapi%2Fcookie%3FpartnerId%3Diqzone%26gdpr%3D%26gdpr_consent%3D%26us_privacy%3D%26userId%3D%5BUID%5D&gdpr=&gdpr_consent=&ccpa=:0
[   -1986ms] [ERROR] Failed to load resource: net::ERR_NAME_NOT_RESOLVED @ https://cs.iqzone.com/6f0476ca45e1d6b67e3ee8d57532a022.gif?redir=https%3A%2F%2Fsync.cootlogix.com%2Fapi%2Fcookie%3FpartnerId%3Diqzone%26gdpr%3D%26gdpr_consent%3D%26us_privacy%3D%26userId%3D%5BUID%5D&gdpr=&gdpr_consent=&ccpa=:0
[   -1945ms] [ERROR] Failed to load resource: net::ERR_NAME_NOT_RESOLVED @ https://cs.iqzone.com/6f0476ca45e1d6b67e3ee8d57532a022.gif?redir=https%3A%2F%2Fsync.cootlogix.com%2Fapi%2Fcookie%3FpartnerId%3Diqzone%26gdpr%3D%26gdpr_consent%3D%26us_privacy%3D%26userId%3D%5BUID%5D&gdpr=&gdpr_consent=&ccpa=:0
[   -1748ms] [ERROR] Failed to load resource: net::ERR_NAME_NOT_RESOLVED @ https://cs.iqzone.com/6f0476ca45e1d6b67e3ee8d57532a022.gif?redir=https%3A%2F%2Fsync.cootlogix.com%2Fapi%2Fcookie%3FpartnerId%3Diqzone%26gdpr%3D%26gdpr_consent%3D%26us_privacy%3D%26userId%3D%5BUID%5D&gdpr=&gdpr_consent=&ccpa=:0
[   -1478ms] [ERROR] Failed to load resource: net::ERR_NAME_NOT_RESOLVED @ https://cs.iqzone.com/6f0476ca45e1d6b67e3ee8d57532a022.gif?redir=https%3A%2F%2Fsync.cootlogix.com%2Fapi%2Fcookie%3FpartnerId%3Diqzone%26gdpr%3D%26gdpr_consent%3D%26us_privacy%3D%26userId%3D%5BUID%5D&gdpr=&gdpr_consent=&ccpa=:0
[   -1419ms] [ERROR] Failed to load resource: net::ERR_NAME_NOT_RESOLVED @ https://cs.iqzone.com/6f0476ca45e1d6b67e3ee8d57532a022.gif?redir=https%3A%2F%2Fsync.cootlogix.com%2Fapi%2Fcookie%3FpartnerId%3Diqzone%26gdpr%3D%26gdpr_consent%3D%26us_privacy%3D%26userId%3D%5BUID%5D&gdpr=&gdpr_consent=&ccpa=:0
[    -882ms] [ERROR] Failed to load resource: the server responded with a status of 404 (Not Found) @ https://us4.shb-sync.com/a760a5a7-e35e-49b8-9f5e-723455346741.gif?puid=d6831260-f000-1b40-7326-ad918a98bcb6&gdpr=&gdpr_consent=ccpa=:0
[    -711ms] [ERROR] Failed to load resource: net::ERR_NAME_NOT_RESOLVED @ https://cs.iqzone.com/6f0476ca45e1d6b67e3ee8d57532a022.gif?redir=https%3A%2F%2Fsync.cootlogix.com%2Fapi%2Fcookie%3FpartnerId%3Diqzone%26gdpr%3D%26gdpr_consent%3D%26us_privacy%3D%26userId%3D%5BUID%5D&gdpr=&gdpr_consent=&ccpa=:0
[    -670ms] [ERROR] Failed to load resource: the server responded with a status of 404 (Not Found) @ https://us4.shb-sync.com/a760a5a7-e35e-49b8-9f5e-723455346741.gif?puid=d6831260-f000-1b40-7326-ad918a98bcb6&gdpr=&gdpr_consent=ccpa=:0
[    -669ms] [ERROR] Failed to load resource: net::ERR_NAME_NOT_RESOLVED @ https://cs.iqzone.com/6f0476ca45e1d6b67e3ee8d57532a022.gif?redir=https%3A%2F%2Fsync.cootlogix.com%2Fapi%2Fcookie%3FpartnerId%3Diqzone%26gdpr%3D%26gdpr_consent%3D%26us_privacy%3D%26userId%3D%5BUID%5D&gdpr=&gdpr_consent=&ccpa=:0
[    -617ms] [ERROR] Failed to load resource: net::ERR_NAME_NOT_RESOLVED @ https://cs.iqzone.com/6f0476ca45e1d6b67e3ee8d57532a022.gif?redir=https%3A%2F%2Fsync.cootlogix.com%2Fapi%2Fcookie%3FpartnerId%3Diqzone%26gdpr%3D%26gdpr_consent%3D%26us_privacy%3D%26userId%3D%5BUID%5D&gdpr=&gdpr_consent=&ccpa=:0
[    -456ms] [ERROR] Failed to load resource: the server responded with a status of 404 (Not Found) @ https://us4.shb-sync.com/a760a5a7-e35e-49b8-9f5e-723455346741.gif?puid=d6831260-f000-1b40-7326-ad918a98bcb6&gdpr=&gdpr_consent=ccpa=:0
[    -367ms] [ERROR] Failed to load resource: net::ERR_NAME_NOT_RESOLVED @ https://cs.iqzone.com/6f0476ca45e1d6b67e3ee8d57532a022.gif?redir=https%3A%2F%2Fsync.cootlogix.com%2Fapi%2Fcookie%3FpartnerId%3Diqzone%26gdpr%3D%26gdpr_consent%3D%26us_privacy%3D%26userId%3D%5BUID%5D&gdpr=&gdpr_consent=&ccpa=:0
[    -321ms] [ERROR] Failed to load resource: net::ERR_NAME_NOT_RESOLVED @ https://cs.iqzone.com/6f0476ca45e1d6b67e3ee8d57532a022.gif?redir=https%3A%2F%2Fsync.cootlogix.com%2Fapi%2Fcookie%3FpartnerId%3Diqzone%26gdpr%3D%26gdpr_consent%3D%26us_privacy%3D%26userId%3D%5BUID%5D&gdpr=&gdpr_consent=&ccpa=:0
[    -239ms] [ERROR] Failed to load resource: the server responded with a status of 404 (Not Found) @ https://us4.shb-sync.com/a760a5a7-e35e-49b8-9f5e-723455346741.gif?puid=d6831260-f000-1b40-7326-ad918a98bcb6&gdpr=&gdpr_consent=ccpa=:0
[     -28ms] [ERROR] Failed to load resource: the server responded with a status of 404 (Not Found) @ https://us4.shb-sync.com/a760a5a7-e35e-49b8-9f5e-723455346741.gif?puid=d6831260-f000-1b40-7326-ad918a98bcb6&gdpr=&gdpr_consent=ccpa=:0
[     157ms] [ERROR] Failed to load resource: net::ERR_NAME_NOT_RESOLVED @ https://cs.iqzone.com/6f0476ca45e1d6b67e3ee8d57532a022.gif?redir=https%3A%2F%2Fsync.cootlogix.com%2Fapi%2Fcookie%3FpartnerId%3Diqzone%26gdpr%3D%26gdpr_consent%3D%26us_privacy%3D%26userId%3D%5BUID%5D&gdpr=&gdpr_consent=&ccpa=:0
[  -75369ms] [ERROR] Failed to load resource: net::ERR_NAME_NOT_RESOLVED @ https://dps.jp.cinarra.com/pxd?PLATFORM_ID=1&USER_ID=4f39a753-e23e-8f8a-f363-c303968ba45a:0
[  -75192ms] [ERROR] Failed to load resource: net::ERR_NAME_NOT_RESOLVED @ https://match.rundsp.com/redirect?ex=openx:0
[  -73342ms] [ERROR] Failed to load resource: net::ERR_CONNECTION_REFUSED @ https://cs.nex8.net/cs/openx:0
[   -4538ms] [ERROR] Failed to load resource: net::ERR_NAME_NOT_RESOLVED @ https://j.mrpdata.net/c.html?ex=OpenX:0
[  -75369ms] [ERROR] Failed to load resource: net::ERR_NAME_NOT_RESOLVED @ https://dps.jp.cinarra.com/pxd?PLATFORM_ID=1&USER_ID=4f39a753-e23e-8f8a-f363-c303968ba45a:0
[  -75192ms] [ERROR] Failed to load resource: net::ERR_NAME_NOT_RESOLVED @ https://match.rundsp.com/redirect?ex=openx:0
[  -73342ms] [ERROR] Failed to load resource: net::ERR_CONNECTION_REFUSED @ https://cs.nex8.net/cs/openx:0
[   -4538ms] [ERROR] Failed to load resource: net::ERR_NAME_NOT_RESOLVED @ https://j.mrpdata.net/c.html?ex=OpenX:0
[     188ms] [ERROR] Failed to load resource: the server responded with a status of 404 (Not Found) @ https://us4.shb-sync.com/a760a5a7-e35e-49b8-9f5e-723455346741.gif?puid=d6831260-f000-1b40-7326-ad918a98bcb6&gdpr=&gdpr_consent=ccpa=:0
[  -75369ms] [ERROR] Failed to load resource: net::ERR_NAME_NOT_RESOLVED @ https://dps.jp.cinarra.com/pxd?PLATFORM_ID=1&USER_ID=4f39a753-e23e-8f8a-f363-c303968ba45a:0
[  -75192ms] [ERROR] Failed to load resource: net::ERR_NAME_NOT_RESOLVED @ https://match.rundsp.com/redirect?ex=openx:0
[  -73342ms] [ERROR] Failed to load resource: net::ERR_CONNECTION_REFUSED @ https://cs.nex8.net/cs/openx:0
[   -4538ms] [ERROR] Failed to load resource: net::ERR_NAME_NOT_RESOLVED @ https://j.mrpdata.net/c.html?ex=OpenX:0
[  -74817ms] [ERROR] Failed to load resource: the server responded with a status of 424 (Failed Dependency) @ https://t.adx.opera.com/pub/sync?pubid=pub10101531197440&gdpr=1&gdpr_consent=:0
[   -3242ms] [ERROR] Failed to load resource: the server responded with a status of 424 (Failed Dependency) @ https://t.adx.opera.com/pub/sync?pubid=pub10101531197440&gdpr=1&gdpr_consent=:0
[   -2913ms] [ERROR] Failed to load resource: the server responded with a status of 424 (Failed Dependency) @ https://t.adx.opera.com/pub/sync?pubid=pub10101531197440&gdpr=1&gdpr_consent=:0
[  -75369ms] [ERROR] Failed to load resource: net::ERR_NAME_NOT_RESOLVED @ https://dps.jp.cinarra.com/pxd?PLATFORM_ID=1&USER_ID=4f39a753-e23e-8f8a-f363-c303968ba45a:0
[  -75192ms] [ERROR] Failed to load resource: net::ERR_NAME_NOT_RESOLVED @ https://match.rundsp.com/redirect?ex=openx:0
[  -73342ms] [ERROR] Failed to load resource: net::ERR_CONNECTION_REFUSED @ https://cs.nex8.net/cs/openx:0
[   -4538ms] [ERROR] Failed to load resource: net::ERR_NAME_NOT_RESOLVED @ https://j.mrpdata.net/c.html?ex=OpenX:0
[     210ms] [ERROR] Failed to load resource: the server responded with a status of 404 () @ https://cs.admanmedia.com/94fd017f496d404a25fc5546f959bf2f.gif?gdpr=&gdpr_consent=&us_privacy=&redir=https%3A%2F%2Fsync.kueezrtb.com%2Fapi%2Fcookie%3FpartnerId%3Dkueez-acuity%26gdpr%3D%26gdpr_consent%3D%26us_privacy%3D%26userId%3D%5BUID%5D:0
[  -75369ms] [ERROR] Failed to load resource: net::ERR_NAME_NOT_RESOLVED @ https://dps.jp.cinarra.com/pxd?PLATFORM_ID=1&USER_ID=4f39a753-e23e-8f8a-f363-c303968ba45a:0
[  -75192ms] [ERROR] Failed to load resource: net::ERR_NAME_NOT_RESOLVED @ https://match.rundsp.com/redirect?ex=openx:0
[  -73342ms] [ERROR] Failed to load resource: net::ERR_CONNECTION_REFUSED @ https://cs.nex8.net/cs/openx:0
[   -4538ms] [ERROR] Failed to load resource: net::ERR_NAME_NOT_RESOLVED @ https://j.mrpdata.net/c.html?ex=OpenX:0
[  -74817ms] [ERROR] Failed to load resource: the server responded with a status of 424 (Failed Dependency) @ https://t.adx.opera.com/pub/sync?pubid=pub10101531197440&gdpr=1&gdpr_consent=:0
[   -3242ms] [ERROR] Failed to load resource: the server responded with a status of 424 (Failed Dependency) @ https://t.adx.opera.com/pub/sync?pubid=pub10101531197440&gdpr=1&gdpr_consent=:0
[   -2913ms] [ERROR] Failed to load resource: the server responded with a status of 424 (Failed Dependency) @ https://t.adx.opera.com/pub/sync?pubid=pub10101531197440&gdpr=1&gdpr_consent=:0
[  -75369ms] [ERROR] Failed to load resource: net::ERR_NAME_NOT_RESOLVED @ https://dps.jp.cinarra.com/pxd?PLATFORM_ID=1&USER_ID=4f39a753-e23e-8f8a-f363-c303968ba45a:0
[  -75192ms] [ERROR] Failed to load resource: net::ERR_NAME_NOT_RESOLVED @ https://match.rundsp.com/redirect?ex=openx:0
[  -73342ms] [ERROR] Failed to load resource: net::ERR_CONNECTION_REFUSED @ https://cs.nex8.net/cs/openx:0
[   -4538ms] [ERROR] Failed to load resource: net::ERR_NAME_NOT_RESOLVED @ https://j.mrpdata.net/c.html?ex=OpenX:0
[  -75369ms] [ERROR] Failed to load resource: net::ERR_NAME_NOT_RESOLVED @ https://dps.jp.cinarra.com/pxd?PLATFORM_ID=1&USER_ID=4f39a753-e23e-8f8a-f363-c303968ba45a:0
[  -75192ms] [ERROR] Failed to load resource: net::ERR_NAME_NOT_RESOLVED @ https://match.rundsp.com/redirect?ex=openx:0
[  -73342ms] [ERROR] Failed to load resource: net::ERR_CONNECTION_REFUSED @ https://cs.nex8.net/cs/openx:0
[   -4538ms] [ERROR] Failed to load resource: net::ERR_NAME_NOT_RESOLVED @ https://j.mrpdata.net/c.html?ex=OpenX:0
[  -75369ms] [ERROR] Failed to load resource: net::ERR_NAME_NOT_RESOLVED @ https://dps.jp.cinarra.com/pxd?PLATFORM_ID=1&USER_ID=4f39a753-e23e-8f8a-f363-c303968ba45a:0
[  -75192ms] [ERROR] Failed to load resource: net::ERR_NAME_NOT_RESOLVED @ https://match.rundsp.com/redirect?ex=openx:0
[  -73342ms] [ERROR] Failed to load resource: net::ERR_CONNECTION_REFUSED @ https://cs.nex8.net/cs/openx:0
[   -4538ms] [ERROR] Failed to load resource: net::ERR_NAME_NOT_RESOLVED @ https://j.mrpdata.net/c.html?ex=OpenX:0
[  -74817ms] [ERROR] Failed to load resource: the server responded with a status of 424 (Failed Dependency) @ https://t.adx.opera.com/pub/sync?pubid=pub10101531197440&gdpr=1&gdpr_consent=:0
[   -3242ms] [ERROR] Failed to load resource: the server responded with a status of 424 (Failed Dependency) @ https://t.adx.opera.com/pub/sync?pubid=pub10101531197440&gdpr=1&gdpr_consent=:0
[   -2913ms] [ERROR] Failed to load resource: the server responded with a status of 424 (Failed Dependency) @ https://t.adx.opera.com/pub/sync?pubid=pub10101531197440&gdpr=1&gdpr_consent=:0
[  -75369ms] [ERROR] Failed to load resource: net::ERR_NAME_NOT_RESOLVED @ https://dps.jp.cinarra.com/pxd?PLATFORM_ID=1&USER_ID=4f39a753-e23e-8f8a-f363-c303968ba45a:0
[  -75192ms] [ERROR] Failed to load resource: net::ERR_NAME_NOT_RESOLVED @ https://match.rundsp.com/redirect?ex=openx:0
[  -73342ms] [ERROR] Failed to load resource: net::ERR_CONNECTION_REFUSED @ https://cs.nex8.net/cs/openx:0
[   -4538ms] [ERROR] Failed to load resource: net::ERR_NAME_NOT_RESOLVED @ https://j.mrpdata.net/c.html?ex=OpenX:0
[  -75369ms] [ERROR] Failed to load resource: net::ERR_NAME_NOT_RESOLVED @ https://dps.jp.cinarra.com/pxd?PLATFORM_ID=1&USER_ID=4f39a753-e23e-8f8a-f363-c303968ba45a:0
[  -75192ms] [ERROR] Failed to load resource: net::ERR_NAME_NOT_RESOLVED @ https://match.rundsp.com/redirect?ex=openx:0
[  -73342ms] [ERROR] Failed to load resource: net::ERR_CONNECTION_REFUSED @ https://cs.nex8.net/cs/openx:0
[   -4538ms] [ERROR] Failed to load resource: net::ERR_NAME_NOT_RESOLVED @ https://j.mrpdata.net/c.html?ex=OpenX:0
[   -2254ms] [ERROR] Failed to load resource: net::ERR_NAME_NOT_RESOLVED @ https://cs.iqzone.com/6f0476ca45e1d6b67e3ee8d57532a022.gif?redir=https%3A%2F%2Fsync.cootlogix.com%2Fapi%2Fcookie%3FpartnerId%3Diqzone%26gdpr%3D%26gdpr_consent%3D%26us_privacy%3D%26userId%3D%5BUID%5D&gdpr=&gdpr_consent=&ccpa=:0
[   -1986ms] [ERROR] Failed to load resource: net::ERR_NAME_NOT_RESOLVED @ https://cs.iqzone.com/6f0476ca45e1d6b67e3ee8d57532a022.gif?redir=https%3A%2F%2Fsync.cootlogix.com%2Fapi%2Fcookie%3FpartnerId%3Diqzone%26gdpr%3D%26gdpr_consent%3D%26us_privacy%3D%26userId%3D%5BUID%5D&gdpr=&gdpr_consent=&ccpa=:0
[   -1945ms] [ERROR] Failed to load resource: net::ERR_NAME_NOT_RESOLVED @ https://cs.iqzone.com/6f0476ca45e1d6b67e3ee8d57532a022.gif?redir=https%3A%2F%2Fsync.cootlogix.com%2Fapi%2Fcookie%3FpartnerId%3Diqzone%26gdpr%3D%26gdpr_consent%3D%26us_privacy%3D%26userId%3D%5BUID%5D&gdpr=&gdpr_consent=&ccpa=:0
[   -1748ms] [ERROR] Failed to load resource: net::ERR_NAME_NOT_RESOLVED @ https://cs.iqzone.com/6f0476ca45e1d6b67e3ee8d57532a022.gif?redir=https%3A%2F%2Fsync.cootlogix.com%2Fapi%2Fcookie%3FpartnerId%3Diqzone%26gdpr%3D%26gdpr_consent%3D%26us_privacy%3D%26userId%3D%5BUID%5D&gdpr=&gdpr_consent=&ccpa=:0
[   -1478ms] [ERROR] Failed to load resource: net::ERR_NAME_NOT_RESOLVED @ https://cs.iqzone.com/6f0476ca45e1d6b67e3ee8d57532a022.gif?redir=https%3A%2F%2Fsync.cootlogix.com%2Fapi%2Fcookie%3FpartnerId%3Diqzone%26gdpr%3D%26gdpr_consent%3D%26us_privacy%3D%26userId%3D%5BUID%5D&gdpr=&gdpr_consent=&ccpa=:0
[   -1419ms] [ERROR] Failed to load resource: net::ERR_NAME_NOT_RESOLVED @ https://cs.iqzone.com/6f0476ca45e1d6b67e3ee8d57532a022.gif?redir=https%3A%2F%2Fsync.cootlogix.com%2Fapi%2Fcookie%3FpartnerId%3Diqzone%26gdpr%3D%26gdpr_consent%3D%26us_privacy%3D%26userId%3D%5BUID%5D&gdpr=&gdpr_consent=&ccpa=:0
[    -882ms] [ERROR] Failed to load resource: the server responded with a status of 404 (Not Found) @ https://us4.shb-sync.com/a760a5a7-e35e-49b8-9f5e-723455346741.gif?puid=d6831260-f000-1b40-7326-ad918a98bcb6&gdpr=&gdpr_consent=ccpa=:0
[    -711ms] [ERROR] Failed to load resource: net::ERR_NAME_NOT_RESOLVED @ https://cs.iqzone.com/6f0476ca45e1d6b67e3ee8d57532a022.gif?redir=https%3A%2F%2Fsync.cootlogix.com%2Fapi%2Fcookie%3FpartnerId%3Diqzone%26gdpr%3D%26gdpr_consent%3D%26us_privacy%3D%26userId%3D%5BUID%5D&gdpr=&gdpr_consent=&ccpa=:0
[    -670ms] [ERROR] Failed to load resource: the server responded with a status of 404 (Not Found) @ https://us4.shb-sync.com/a760a5a7-e35e-49b8-9f5e-723455346741.gif?puid=d6831260-f000-1b40-7326-ad918a98bcb6&gdpr=&gdpr_consent=ccpa=:0
[    -669ms] [ERROR] Failed to load resource: net::ERR_NAME_NOT_RESOLVED @ https://cs.iqzone.com/6f0476ca45e1d6b67e3ee8d57532a022.gif?redir=https%3A%2F%2Fsync.cootlogix.com%2Fapi%2Fcookie%3FpartnerId%3Diqzone%26gdpr%3D%26gdpr_consent%3D%26us_privacy%3D%26userId%3D%5BUID%5D&gdpr=&gdpr_consent=&ccpa=:0
[    -617ms] [ERROR] Failed to load resource: net::ERR_NAME_NOT_RESOLVED @ https://cs.iqzone.com/6f0476ca45e1d6b67e3ee8d57532a022.gif?redir=https%3A%2F%2Fsync.cootlogix.com%2Fapi%2Fcookie%3FpartnerId%3Diqzone%26gdpr%3D%26gdpr_consent%3D%26us_privacy%3D%26userId%3D%5BUID%5D&gdpr=&gdpr_consent=&ccpa=:0
[    -456ms] [ERROR] Failed to load resource: the server responded with a status of 404 (Not Found) @ https://us4.shb-sync.com/a760a5a7-e35e-49b8-9f5e-723455346741.gif?puid=d6831260-f000-1b40-7326-ad918a98bcb6&gdpr=&gdpr_consent=ccpa=:0
[    -367ms] [ERROR] Failed to load resource: net::ERR_NAME_NOT_RESOLVED @ https://cs.iqzone.com/6f0476ca45e1d6b67e3ee8d57532a022.gif?redir=https%3A%2F%2Fsync.cootlogix.com%2Fapi%2Fcookie%3FpartnerId%3Diqzone%26gdpr%3D%26gdpr_consent%3D%26us_privacy%3D%26userId%3D%5BUID%5D&gdpr=&gdpr_consent=&ccpa=:0
[    -321ms] [ERROR] Failed to load resource: net::ERR_NAME_NOT_RESOLVED @ https://cs.iqzone.com/6f0476ca45e1d6b67e3ee8d57532a022.gif?redir=https%3A%2F%2Fsync.cootlogix.com%2Fapi%2Fcookie%3FpartnerId%3Diqzone%26gdpr%3D%26gdpr_consent%3D%26us_privacy%3D%26userId%3D%5BUID%5D&gdpr=&gdpr_consent=&ccpa=:0
[    -239ms] [ERROR] Failed to load resource: the server responded with a status of 404 (Not Found) @ https://us4.shb-sync.com/a760a5a7-e35e-49b8-9f5e-723455346741.gif?puid=d6831260-f000-1b40-7326-ad918a98bcb6&gdpr=&gdpr_consent=ccpa=:0
[     -28ms] [ERROR] Failed to load resource: the server responded with a status of 404 (Not Found) @ https://us4.shb-sync.com/a760a5a7-e35e-49b8-9f5e-723455346741.gif?puid=d6831260-f000-1b40-7326-ad918a98bcb6&gdpr=&gdpr_consent=ccpa=:0
[     157ms] [ERROR] Failed to load resource: net::ERR_NAME_NOT_RESOLVED @ https://cs.iqzone.com/6f0476ca45e1d6b67e3ee8d57532a022.gif?redir=https%3A%2F%2Fsync.cootlogix.com%2Fapi%2Fcookie%3FpartnerId%3Diqzone%26gdpr%3D%26gdpr_consent%3D%26us_privacy%3D%26userId%3D%5BUID%5D&gdpr=&gdpr_consent=&ccpa=:0
[     188ms] [ERROR] Failed to load resource: the server responded with a status of 404 (Not Found) @ https://us4.shb-sync.com/a760a5a7-e35e-49b8-9f5e-723455346741.gif?puid=d6831260-f000-1b40-7326-ad918a98bcb6&gdpr=&gdpr_consent=ccpa=:0
[  -75369ms] [ERROR] Failed to load resource: net::ERR_NAME_NOT_RESOLVED @ https://dps.jp.cinarra.com/pxd?PLATFORM_ID=1&USER_ID=4f39a753-e23e-8f8a-f363-c303968ba45a:0
[  -75192ms] [ERROR] Failed to load resource: net::ERR_NAME_NOT_RESOLVED @ https://match.rundsp.com/redirect?ex=openx:0
[  -73342ms] [ERROR] Failed to load resource: net::ERR_CONNECTION_REFUSED @ https://cs.nex8.net/cs/openx:0
[   -4538ms] [ERROR] Failed to load resource: net::ERR_NAME_NOT_RESOLVED @ https://j.mrpdata.net/c.html?ex=OpenX:0
[  -75369ms] [ERROR] Failed to load resource: net::ERR_NAME_NOT_RESOLVED @ https://dps.jp.cinarra.com/pxd?PLATFORM_ID=1&USER_ID=4f39a753-e23e-8f8a-f363-c303968ba45a:0
[  -75192ms] [ERROR] Failed to load resource: net::ERR_NAME_NOT_RESOLVED @ https://match.rundsp.com/redirect?ex=openx:0
[  -73342ms] [ERROR] Failed to load resource: net::ERR_CONNECTION_REFUSED @ https://cs.nex8.net/cs/openx:0
[   -4538ms] [ERROR] Failed to load resource: net::ERR_NAME_NOT_RESOLVED @ https://j.mrpdata.net/c.html?ex=OpenX:0
[  -74817ms] [ERROR] Failed to load resource: the server responded with a status of 424 (Failed Dependency) @ https://t.adx.opera.com/pub/sync?pubid=pub10101531197440&gdpr=1&gdpr_consent=:0
[   -3242ms] [ERROR] Failed to load resource: the server responded with a status of 424 (Failed Dependency) @ https://t.adx.opera.com/pub/sync?pubid=pub10101531197440&gdpr=1&gdpr_consent=:0
[   -2913ms] [ERROR] Failed to load resource: the server responded with a status of 424 (Failed Dependency) @ https://t.adx.opera.com/pub/sync?pubid=pub10101531197440&gdpr=1&gdpr_consent=:0
[  -75369ms] [ERROR] Failed to load resource: net::ERR_NAME_NOT_RESOLVED @ https://dps.jp.cinarra.com/pxd?PLATFORM_ID=1&USER_ID=4f39a753-e23e-8f8a-f363-c303968ba45a:0
[  -75192ms] [ERROR] Failed to load resource: net::ERR_NAME_NOT_RESOLVED @ https://match.rundsp.com/redirect?ex=openx:0
[  -73342ms] [ERROR] Failed to load resource: net::ERR_CONNECTION_REFUSED @ https://cs.nex8.net/cs/openx:0
[   -4538ms] [ERROR] Failed to load resource: net::ERR_NAME_NOT_RESOLVED @ https://j.mrpdata.net/c.html?ex=OpenX:0
[   -4893ms] [ERROR] Mixed Content: The page at 'https://finance.yahoo.com/quote/NVDA/' was loaded over HTTPS, but requested an insecure frame 'http://sync.pmbmonetize.live/psync?t=s&e=247&gdpr=&gdpr_consent=&us_privacy=&gpp=&gpp_sid=&cb=https%3A%2F%2Fcookies.nextmillmedia.com%2Fsetuid%3Fbidder%3Dadipolo%26nmuid%3D%26gdpr%3D%26gdpr_consent%3D%26us_privacy%3D%26uid%3D%25USER_ID%25'. This request has been blocked; the content must be served over HTTPS. @ https://cookies.nextmillmedia.com/sync?redirect=https%3A%2F%2Fsync.adkernel.com%2Fuser-sync%3Fzone%3D338420%26dsp%3D836447%26t%3Diframe%26uid%3D%5BNMUID%5D:42
[   -3695ms] [ERROR] Mixed Content: The page at 'https://finance.yahoo.com/quote/NVDA/' was loaded over HTTPS, but requested an insecure frame 'http://sync.pmbmonetize.live/psync?t=s&e=247&gdpr=&gdpr_consent=&us_privacy=&gpp=&gpp_sid=&cb=https%3A%2F%2Fcookies.nextmillmedia.com%2Fsetuid%3Fbidder%3Dadipolo%26nmuid%3D51b8c94c-9026-4edd-9323-1837a4ebf194%26gdpr%3D%26gdpr_consent%3D%26us_privacy%3D%26uid%3D%25USER_ID%25'. This request has been blocked; the content must be served over HTTPS. @ https://cookies.nextmillmedia.com/sync?redirect=https%3A%2F%2Fsync.adkernel.com%2Fuser-sync%3Fzone%3D308936%26dsp%3D830598%26t%3Diframe%26uid%3D%5BNMUID%5D:42
[   -3266ms] [ERROR] Mixed Content: The page at 'https://finance.yahoo.com/quote/NVDA/' was loaded over HTTPS, but requested an insecure frame 'http://sync.pmbmonetize.live/psync?t=s&e=247&gdpr=&gdpr_consent=&us_privacy=&gpp=&gpp_sid=&cb=https%3A%2F%2Fcookies.nextmillmedia.com%2Fsetuid%3Fbidder%3Dadipolo%26nmuid%3D51b8c94c-9026-4edd-9323-1837a4ebf194%26gdpr%3D%26gdpr_consent%3D%26us_privacy%3D%26uid%3D%25USER_ID%25'. This request has been blocked; the content must be served over HTTPS. @ https://cookies.nextmillmedia.com/sync?redirect=https%3A%2F%2Fsync.adkernel.com%2Fuser-sync%3Fzone%3D308936%26dsp%3D830598%26t%3Diframe%26uid%3D%5BNMUID%5D:42
[     348ms] [ERROR] Failed to load resource: net::ERR_NAME_NOT_RESOLVED @ https://cs.iqzone.com/6f0476ca45e1d6b67e3ee8d57532a022.gif?redir=https%3A%2F%2Fsync.cootlogix.com%2Fapi%2Fcookie%3FpartnerId%3Diqzone%26gdpr%3D%26gdpr_consent%3D%26us_privacy%3D%26userId%3D%5BUID%5D&gdpr=&gdpr_consent=&ccpa=:0
[   -2906ms] [ERROR] Mixed Content: The page at 'https://finance.yahoo.com/quote/NVDA/' was loaded over HTTPS, but requested an insecure frame 'http://sync.pmbmonetize.live/psync?t=s&e=247&gdpr=&gdpr_consent=&us_privacy=&gpp=&gpp_sid=&cb=https%3A%2F%2Fcookies.nextmillmedia.com%2Fsetuid%3Fbidder%3Dadipolo%26nmuid%3D51b8c94c-9026-4edd-9323-1837a4ebf194%26gdpr%3D%26gdpr_consent%3D%26us_privacy%3D%26uid%3D%25USER_ID%25'. This request has been blocked; the content must be served over HTTPS. @ https://cookies.nextmillmedia.com/sync?gdpr=&gdpr_consent=&us_privacy=&redirect=https%3A%2F%2Fsync.cootlogix.com%2Fapi%2Fcookie%3FpartnerId%3Dnextmillmedia%26userId%3D%5BNMUID%5D%26gdpr%3D%26gdpr_consent%3D%26us_privacy%3D:42
[   -2349ms] [ERROR] Mixed Content: The page at 'https://finance.yahoo.com/quote/NVDA/' was loaded over HTTPS, but requested an insecure frame 'http://sync.pmbmonetize.live/psync?t=s&e=247&gdpr=&gdpr_consent=&us_privacy=&gpp=&gpp_sid=&cb=https%3A%2F%2Fcookies.nextmillmedia.com%2Fsetuid%3Fbidder%3Dadipolo%26nmuid%3D51b8c94c-9026-4edd-9323-1837a4ebf194%26gdpr%3D%26gdpr_consent%3D%26us_privacy%3D%26uid%3D%25USER_ID%25'. This request has been blocked; the content must be served over HTTPS. @ https://cookies.nextmillmedia.com/sync?gdpr=&gdpr_consent=&us_privacy=&redirect=https%3A%2F%2Fsync.cootlogix.com%2Fapi%2Fcookie%3FpartnerId%3Dnextmillmedia%26userId%3D%5BNMUID%5D%26gdpr%3D%26gdpr_consent%3D%26us_privacy%3D:42
[   -1325ms] [ERROR] Mixed Content: The page at 'https://finance.yahoo.com/quote/NVDA/' was loaded over HTTPS, but requested an insecure frame 'http://sync.pmbmonetize.live/psync?t=s&e=247&gdpr=&gdpr_consent=&us_privacy=&gpp=&gpp_sid=&cb=https%3A%2F%2Fcookies.nextmillmedia.com%2Fsetuid%3Fbidder%3Dadipolo%26nmuid%3D51b8c94c-9026-4edd-9323-1837a4ebf194%26gdpr%3D%26gdpr_consent%3D%26us_privacy%3D%26uid%3D%25USER_ID%25'. This request has been blocked; the content must be served over HTTPS. @ https://cookies.nextmillmedia.com/sync?gdpr=&gdpr_consent=&us_privacy=&redirect=https%3A%2F%2Fsync.cootlogix.com%2Fapi%2Fcookie%3FpartnerId%3Dnextmillmedia%26userId%3D%5BNMUID%5D%26gdpr%3D%26gdpr_consent%3D%26us_privacy%3D:42
[  -75369ms] [ERROR] Failed to load resource: net::ERR_NAME_NOT_RESOLVED @ https://dps.jp.cinarra.com/pxd?PLATFORM_ID=1&USER_ID=4f39a753-e23e-8f8a-f363-c303968ba45a:0
[  -75192ms] [ERROR] Failed to load resource: net::ERR_NAME_NOT_RESOLVED @ https://match.rundsp.com/redirect?ex=openx:0
[  -73342ms] [ERROR] Failed to load resource: net::ERR_CONNECTION_REFUSED @ https://cs.nex8.net/cs/openx:0
[   -4538ms] [ERROR] Failed to load resource: net::ERR_NAME_NOT_RESOLVED @ https://j.mrpdata.net/c.html?ex=OpenX:0
[     397ms] [ERROR] Failed to load resource: the server responded with a status of 404 (Not Found) @ https://us4.shb-sync.com/a760a5a7-e35e-49b8-9f5e-723455346741.gif?puid=d6831260-f000-1b40-7326-ad918a98bcb6&gdpr=&gdpr_consent=ccpa=:0
[  -74817ms] [ERROR] Failed to load resource: the server responded with a status of 424 (Failed Dependency) @ https://t.adx.opera.com/pub/sync?pubid=pub10101531197440&gdpr=1&gdpr_consent=:0
[   -3242ms] [ERROR] Failed to load resource: the server responded with a status of 424 (Failed Dependency) @ https://t.adx.opera.com/pub/sync?pubid=pub10101531197440&gdpr=1&gdpr_consent=:0
[   -2913ms] [ERROR] Failed to load resource: the server responded with a status of 424 (Failed Dependency) @ https://t.adx.opera.com/pub/sync?pubid=pub10101531197440&gdpr=1&gdpr_consent=:0
[     432ms] [ERROR] Failed to load resource: the server responded with a status of 404 () @ https://cs.admanmedia.com/94fd017f496d404a25fc5546f959bf2f.gif?gdpr=&gdpr_consent=&us_privacy=&redir=https%3A%2F%2Fsync.kueezrtb.com%2Fapi%2Fcookie%3FpartnerId%3Dkueez-acuity%26gdpr%3D%26gdpr_consent%3D%26us_privacy%3D%26userId%3D%5BUID%5D:0
[  -74817ms] [ERROR] Failed to load resource: the server responded with a status of 424 (Failed Dependency) @ https://t.adx.opera.com/pub/sync?pubid=pub10101531197440&gdpr=1&gdpr_consent=:0
[   -3242ms] [ERROR] Failed to load resource: the server responded with a status of 424 (Failed Dependency) @ https://t.adx.opera.com/pub/sync?pubid=pub10101531197440&gdpr=1&gdpr_consent=:0
[   -2913ms] [ERROR] Failed to load resource: the server responded with a status of 424 (Failed Dependency) @ https://t.adx.opera.com/pub/sync?pubid=pub10101531197440&gdpr=1&gdpr_consent=:0
[   -2254ms] [ERROR] Failed to load resource: net::ERR_NAME_NOT_RESOLVED @ https://cs.iqzone.com/6f0476ca45e1d6b67e3ee8d57532a022.gif?redir=https%3A%2F%2Fsync.cootlogix.com%2Fapi%2Fcookie%3FpartnerId%3Diqzone%26gdpr%3D%26gdpr_consent%3D%26us_privacy%3D%26userId%3D%5BUID%5D&gdpr=&gdpr_consent=&ccpa=:0
[   -1986ms] [ERROR] Failed to load resource: net::ERR_NAME_NOT_RESOLVED @ https://cs.iqzone.com/6f0476ca45e1d6b67e3ee8d57532a022.gif?redir=https%3A%2F%2Fsync.cootlogix.com%2Fapi%2Fcookie%3FpartnerId%3Diqzone%26gdpr%3D%26gdpr_consent%3D%26us_privacy%3D%26userId%3D%5BUID%5D&gdpr=&gdpr_consent=&ccpa=:0
[   -1945ms] [ERROR] Failed to load resource: net::ERR_NAME_NOT_RESOLVED @ https://cs.iqzone.com/6f0476ca45e1d6b67e3ee8d57532a022.gif?redir=https%3A%2F%2Fsync.cootlogix.com%2Fapi%2Fcookie%3FpartnerId%3Diqzone%26gdpr%3D%26gdpr_consent%3D%26us_privacy%3D%26userId%3D%5BUID%5D&gdpr=&gdpr_consent=&ccpa=:0
[   -1748ms] [ERROR] Failed to load resource: net::ERR_NAME_NOT_RESOLVED @ https://cs.iqzone.com/6f0476ca45e1d6b67e3ee8d57532a022.gif?redir=https%3A%2F%2Fsync.cootlogix.com%2Fapi%2Fcookie%3FpartnerId%3Diqzone%26gdpr%3D%26gdpr_consent%3D%26us_privacy%3D%26userId%3D%5BUID%5D&gdpr=&gdpr_consent=&ccpa=:0
[   -1478ms] [ERROR] Failed to load resource: net::ERR_NAME_NOT_RESOLVED @ https://cs.iqzone.com/6f0476ca45e1d6b67e3ee8d57532a022.gif?redir=https%3A%2F%2Fsync.cootlogix.com%2Fapi%2Fcookie%3FpartnerId%3Diqzone%26gdpr%3D%26gdpr_consent%3D%26us_privacy%3D%26userId%3D%5BUID%5D&gdpr=&gdpr_consent=&ccpa=:0
[   -1419ms] [ERROR] Failed to load resource: net::ERR_NAME_NOT_RESOLVED @ https://cs.iqzone.com/6f0476ca45e1d6b67e3ee8d57532a022.gif?redir=https%3A%2F%2Fsync.cootlogix.com%2Fapi%2Fcookie%3FpartnerId%3Diqzone%26gdpr%3D%26gdpr_consent%3D%26us_privacy%3D%26userId%3D%5BUID%5D&gdpr=&gdpr_consent=&ccpa=:0
[    -882ms] [ERROR] Failed to load resource: the server responded with a status of 404 (Not Found) @ https://us4.shb-sync.com/a760a5a7-e35e-49b8-9f5e-723455346741.gif?puid=d6831260-f000-1b40-7326-ad918a98bcb6&gdpr=&gdpr_consent=ccpa=:0
[    -711ms] [ERROR] Failed to load resource: net::ERR_NAME_NOT_RESOLVED @ https://cs.iqzone.com/6f0476ca45e1d6b67e3ee8d57532a022.gif?redir=https%3A%2F%2Fsync.cootlogix.com%2Fapi%2Fcookie%3FpartnerId%3Diqzone%26gdpr%3D%26gdpr_consent%3D%26us_privacy%3D%26userId%3D%5BUID%5D&gdpr=&gdpr_consent=&ccpa=:0
[    -670ms] [ERROR] Failed to load resource: the server responded with a status of 404 (Not Found) @ https://us4.shb-sync.com/a760a5a7-e35e-49b8-9f5e-723455346741.gif?puid=d6831260-f000-1b40-7326-ad918a98bcb6&gdpr=&gdpr_consent=ccpa=:0
[    -669ms] [ERROR] Failed to load resource: net::ERR_NAME_NOT_RESOLVED @ https://cs.iqzone.com/6f0476ca45e1d6b67e3ee8d57532a022.gif?redir=https%3A%2F%2Fsync.cootlogix.com%2Fapi%2Fcookie%3FpartnerId%3Diqzone%26gdpr%3D%26gdpr_consent%3D%26us_privacy%3D%26userId%3D%5BUID%5D&gdpr=&gdpr_consent=&ccpa=:0
[    -617ms] [ERROR] Failed to load resource: net::ERR_NAME_NOT_RESOLVED @ https://cs.iqzone.com/6f0476ca45e1d6b67e3ee8d57532a022.gif?redir=https%3A%2F%2Fsync.cootlogix.com%2Fapi%2Fcookie%3FpartnerId%3Diqzone%26gdpr%3D%26gdpr_consent%3D%26us_privacy%3D%26userId%3D%5BUID%5D&gdpr=&gdpr_consent=&ccpa=:0
[    -456ms] [ERROR] Failed to load resource: the server responded with a status of 404 (Not Found) @ https://us4.shb-sync.com/a760a5a7-e35e-49b8-9f5e-723455346741.gif?puid=d6831260-f000-1b40-7326-ad918a98bcb6&gdpr=&gdpr_consent=ccpa=:0
[    -367ms] [ERROR] Failed to load resource: net::ERR_NAME_NOT_RESOLVED @ https://cs.iqzone.com/6f0476ca45e1d6b67e3ee8d57532a022.gif?redir=https%3A%2F%2Fsync.cootlogix.com%2Fapi%2Fcookie%3FpartnerId%3Diqzone%26gdpr%3D%26gdpr_consent%3D%26us_privacy%3D%26userId%3D%5BUID%5D&gdpr=&gdpr_consent=&ccpa=:0
[    -321ms] [ERROR] Failed to load resource: net::ERR_NAME_NOT_RESOLVED @ https://cs.iqzone.com/6f0476ca45e1d6b67e3ee8d57532a022.gif?redir=https%3A%2F%2Fsync.cootlogix.com%2Fapi%2Fcookie%3FpartnerId%3Diqzone%26gdpr%3D%26gdpr_consent%3D%26us_privacy%3D%26userId%3D%5BUID%5D&gdpr=&gdpr_consent=&ccpa=:0
[    -239ms] [ERROR] Failed to load resource: the server responded with a status of 404 (Not Found) @ https://us4.shb-sync.com/a760a5a7-e35e-49b8-9f5e-723455346741.gif?puid=d6831260-f000-1b40-7326-ad918a98bcb6&gdpr=&gdpr_consent=ccpa=:0
[     -28ms] [ERROR] Failed to load resource: the server responded with a status of 404 (Not Found) @ https://us4.shb-sync.com/a760a5a7-e35e-49b8-9f5e-723455346741.gif?puid=d6831260-f000-1b40-7326-ad918a98bcb6&gdpr=&gdpr_consent=ccpa=:0
[     157ms] [ERROR] Failed to load resource: net::ERR_NAME_NOT_RESOLVED @ https://cs.iqzone.com/6f0476ca45e1d6b67e3ee8d57532a022.gif?redir=https%3A%2F%2Fsync.cootlogix.com%2Fapi%2Fcookie%3FpartnerId%3Diqzone%26gdpr%3D%26gdpr_consent%3D%26us_privacy%3D%26userId%3D%5BUID%5D&gdpr=&gdpr_consent=&ccpa=:0
[     188ms] [ERROR] Failed to load resource: the server responded with a status of 404 (Not Found) @ https://us4.shb-sync.com/a760a5a7-e35e-49b8-9f5e-723455346741.gif?puid=d6831260-f000-1b40-7326-ad918a98bcb6&gdpr=&gdpr_consent=ccpa=:0
[     348ms] [ERROR] Failed to load resource: net::ERR_NAME_NOT_RESOLVED @ https://cs.iqzone.com/6f0476ca45e1d6b67e3ee8d57532a022.gif?redir=https%3A%2F%2Fsync.cootlogix.com%2Fapi%2Fcookie%3FpartnerId%3Diqzone%26gdpr%3D%26gdpr_consent%3D%26us_privacy%3D%26userId%3D%5BUID%5D&gdpr=&gdpr_consent=&ccpa=:0
[     397ms] [ERROR] Failed to load resource: the server responded with a status of 404 (Not Found) @ https://us4.shb-sync.com/a760a5a7-e35e-49b8-9f5e-723455346741.gif?puid=d6831260-f000-1b40-7326-ad918a98bcb6&gdpr=&gdpr_consent=ccpa=:0
[  -74817ms] [ERROR] Failed to load resource: the server responded with a status of 424 (Failed Dependency) @ https://t.adx.opera.com/pub/sync?pubid=pub10101531197440&gdpr=1&gdpr_consent=:0
[   -3242ms] [ERROR] Failed to load resource: the server responded with a status of 424 (Failed Dependency) @ https://t.adx.opera.com/pub/sync?pubid=pub10101531197440&gdpr=1&gdpr_consent=:0
[   -2913ms] [ERROR] Failed to load resource: the server responded with a status of 424 (Failed Dependency) @ https://t.adx.opera.com/pub/sync?pubid=pub10101531197440&gdpr=1&gdpr_consent=:0
[     533ms] [ERROR] Failed to load resource: net::ERR_NAME_NOT_RESOLVED @ https://cs.iqzone.com/6f0476ca45e1d6b67e3ee8d57532a022.gif?redir=https%3A%2F%2Fsync.cootlogix.com%2Fapi%2Fcookie%3FpartnerId%3Diqzone%26gdpr%3D%26gdpr_consent%3D%26us_privacy%3D%26userId%3D%5BUID%5D&gdpr=&gdpr_consent=&ccpa=:0
[  -74817ms] [ERROR] Failed to load resource: the server responded with a status of 424 (Failed Dependency) @ https://t.adx.opera.com/pub/sync?pubid=pub10101531197440&gdpr=1&gdpr_consent=:0
[   -3242ms] [ERROR] Failed to load resource: the server responded with a status of 424 (Failed Dependency) @ https://t.adx.opera.com/pub/sync?pubid=pub10101531197440&gdpr=1&gdpr_consent=:0
[   -2913ms] [ERROR] Failed to load resource: the server responded with a status of 424 (Failed Dependency) @ https://t.adx.opera.com/pub/sync?pubid=pub10101531197440&gdpr=1&gdpr_consent=:0
[  -75369ms] [ERROR] Failed to load resource: net::ERR_NAME_NOT_RESOLVED @ https://dps.jp.cinarra.com/pxd?PLATFORM_ID=1&USER_ID=4f39a753-e23e-8f8a-f363-c303968ba45a:0
[  -75192ms] [ERROR] Failed to load resource: net::ERR_NAME_NOT_RESOLVED @ https://match.rundsp.com/redirect?ex=openx:0
[  -73342ms] [ERROR] Failed to load resource: net::ERR_CONNECTION_REFUSED @ https://cs.nex8.net/cs/openx:0
[   -4538ms] [ERROR] Failed to load resource: net::ERR_NAME_NOT_RESOLVED @ https://j.mrpdata.net/c.html?ex=OpenX:0
[  -75369ms] [ERROR] Failed to load resource: net::ERR_NAME_NOT_RESOLVED @ https://dps.jp.cinarra.com/pxd?PLATFORM_ID=1&USER_ID=4f39a753-e23e-8f8a-f363-c303968ba45a:0
[  -75192ms] [ERROR] Failed to load resource: net::ERR_NAME_NOT_RESOLVED @ https://match.rundsp.com/redirect?ex=openx:0
[  -73342ms] [ERROR] Failed to load resource: net::ERR_CONNECTION_REFUSED @ https://cs.nex8.net/cs/openx:0
[   -4538ms] [ERROR] Failed to load resource: net::ERR_NAME_NOT_RESOLVED @ https://j.mrpdata.net/c.html?ex=OpenX:0
[     617ms] [ERROR] Failed to load resource: the server responded with a status of 404 (Not Found) @ https://us4.shb-sync.com/a760a5a7-e35e-49b8-9f5e-723455346741.gif?puid=d6831260-f000-1b40-7326-ad918a98bcb6&gdpr=&gdpr_consent=ccpa=:0
[     648ms] [ERROR] Failed to load resource: the server responded with a status of 404 () @ https://cs.admanmedia.com/94fd017f496d404a25fc5546f959bf2f.gif?gdpr=&gdpr_consent=&us_privacy=&redir=https%3A%2F%2Fsync.kueezrtb.com%2Fapi%2Fcookie%3FpartnerId%3Dkueez-acuity%26gdpr%3D%26gdpr_consent%3D%26us_privacy%3D%26userId%3D%5BUID%5D:0
[   -2254ms] [ERROR] Failed to load resource: net::ERR_NAME_NOT_RESOLVED @ https://cs.iqzone.com/6f0476ca45e1d6b67e3ee8d57532a022.gif?redir=https%3A%2F%2Fsync.cootlogix.com%2Fapi%2Fcookie%3FpartnerId%3Diqzone%26gdpr%3D%26gdpr_consent%3D%26us_privacy%3D%26userId%3D%5BUID%5D&gdpr=&gdpr_consent=&ccpa=:0
[   -1986ms] [ERROR] Failed to load resource: net::ERR_NAME_NOT_RESOLVED @ https://cs.iqzone.com/6f0476ca45e1d6b67e3ee8d57532a022.gif?redir=https%3A%2F%2Fsync.cootlogix.com%2Fapi%2Fcookie%3FpartnerId%3Diqzone%26gdpr%3D%26gdpr_consent%3D%26us_privacy%3D%26userId%3D%5BUID%5D&gdpr=&gdpr_consent=&ccpa=:0
[   -1945ms] [ERROR] Failed to load resource: net::ERR_NAME_NOT_RESOLVED @ https://cs.iqzone.com/6f0476ca45e1d6b67e3ee8d57532a022.gif?redir=https%3A%2F%2Fsync.cootlogix.com%2Fapi%2Fcookie%3FpartnerId%3Diqzone%26gdpr%3D%26gdpr_consent%3D%26us_privacy%3D%26userId%3D%5BUID%5D&gdpr=&gdpr_consent=&ccpa=:0
[   -1748ms] [ERROR] Failed to load resource: net::ERR_NAME_NOT_RESOLVED @ https://cs.iqzone.com/6f0476ca45e1d6b67e3ee8d57532a022.gif?redir=https%3A%2F%2Fsync.cootlogix.com%2Fapi%2Fcookie%3FpartnerId%3Diqzone%26gdpr%3D%26gdpr_consent%3D%26us_privacy%3D%26userId%3D%5BUID%5D&gdpr=&gdpr_consent=&ccpa=:0
[   -1478ms] [ERROR] Failed to load resource: net::ERR_NAME_NOT_RESOLVED @ https://cs.iqzone.com/6f0476ca45e1d6b67e3ee8d57532a022.gif?redir=https%3A%2F%2Fsync.cootlogix.com%2Fapi%2Fcookie%3FpartnerId%3Diqzone%26gdpr%3D%26gdpr_consent%3D%26us_privacy%3D%26userId%3D%5BUID%5D&gdpr=&gdpr_consent=&ccpa=:0
[   -1419ms] [ERROR] Failed to load resource: net::ERR_NAME_NOT_RESOLVED @ https://cs.iqzone.com/6f0476ca45e1d6b67e3ee8d57532a022.gif?redir=https%3A%2F%2Fsync.cootlogix.com%2Fapi%2Fcookie%3FpartnerId%3Diqzone%26gdpr%3D%26gdpr_consent%3D%26us_privacy%3D%26userId%3D%5BUID%5D&gdpr=&gdpr_consent=&ccpa=:0
[    -882ms] [ERROR] Failed to load resource: the server responded with a status of 404 (Not Found) @ https://us4.shb-sync.com/a760a5a7-e35e-49b8-9f5e-723455346741.gif?puid=d6831260-f000-1b40-7326-ad918a98bcb6&gdpr=&gdpr_consent=ccpa=:0
[    -711ms] [ERROR] Failed to load resource: net::ERR_NAME_NOT_RESOLVED @ https://cs.iqzone.com/6f0476ca45e1d6b67e3ee8d57532a022.gif?redir=https%3A%2F%2Fsync.cootlogix.com%2Fapi%2Fcookie%3FpartnerId%3Diqzone%26gdpr%3D%26gdpr_consent%3D%26us_privacy%3D%26userId%3D%5BUID%5D&gdpr=&gdpr_consent=&ccpa=:0
[    -670ms] [ERROR] Failed to load resource: the server responded with a status of 404 (Not Found) @ https://us4.shb-sync.com/a760a5a7-e35e-49b8-9f5e-723455346741.gif?puid=d6831260-f000-1b40-7326-ad918a98bcb6&gdpr=&gdpr_consent=ccpa=:0
[    -669ms] [ERROR] Failed to load resource: net::ERR_NAME_NOT_RESOLVED @ https://cs.iqzone.com/6f0476ca45e1d6b67e3ee8d57532a022.gif?redir=https%3A%2F%2Fsync.cootlogix.com%2Fapi%2Fcookie%3FpartnerId%3Diqzone%26gdpr%3D%26gdpr_consent%3D%26us_privacy%3D%26userId%3D%5BUID%5D&gdpr=&gdpr_consent=&ccpa=:0
[    -617ms] [ERROR] Failed to load resource: net::ERR_NAME_NOT_RESOLVED @ https://cs.iqzone.com/6f0476ca45e1d6b67e3ee8d57532a022.gif?redir=https%3A%2F%2Fsync.cootlogix.com%2Fapi%2Fcookie%3FpartnerId%3Diqzone%26gdpr%3D%26gdpr_consent%3D%26us_privacy%3D%26userId%3D%5BUID%5D&gdpr=&gdpr_consent=&ccpa=:0
[    -456ms] [ERROR] Failed to load resource: the server responded with a status of 404 (Not Found) @ https://us4.shb-sync.com/a760a5a7-e35e-49b8-9f5e-723455346741.gif?puid=d6831260-f000-1b40-7326-ad918a98bcb6&gdpr=&gdpr_consent=ccpa=:0
[    -367ms] [ERROR] Failed to load resource: net::ERR_NAME_NOT_RESOLVED @ https://cs.iqzone.com/6f0476ca45e1d6b67e3ee8d57532a022.gif?redir=https%3A%2F%2Fsync.cootlogix.com%2Fapi%2Fcookie%3FpartnerId%3Diqzone%26gdpr%3D%26gdpr_consent%3D%26us_privacy%3D%26userId%3D%5BUID%5D&gdpr=&gdpr_consent=&ccpa=:0
[    -321ms] [ERROR] Failed to load resource: net::ERR_NAME_NOT_RESOLVED @ https://cs.iqzone.com/6f0476ca45e1d6b67e3ee8d57532a022.gif?redir=https%3A%2F%2Fsync.cootlogix.com%2Fapi%2Fcookie%3FpartnerId%3Diqzone%26gdpr%3D%26gdpr_consent%3D%26us_privacy%3D%26userId%3D%5BUID%5D&gdpr=&gdpr_consent=&ccpa=:0
[    -239ms] [ERROR] Failed to load resource: the server responded with a status of 404 (Not Found) @ https://us4.shb-sync.com/a760a5a7-e35e-49b8-9f5e-723455346741.gif?puid=d6831260-f000-1b40-7326-ad918a98bcb6&gdpr=&gdpr_consent=ccpa=:0
[     -28ms] [ERROR] Failed to load resource: the server responded with a status of 404 (Not Found) @ https://us4.shb-sync.com/a760a5a7-e35e-49b8-9f5e-723455346741.gif?puid=d6831260-f000-1b40-7326-ad918a98bcb6&gdpr=&gdpr_consent=ccpa=:0
[     157ms] [ERROR] Failed to load resource: net::ERR_NAME_NOT_RESOLVED @ https://cs.iqzone.com/6f0476ca45e1d6b67e3ee8d57532a022.gif?redir=https%3A%2F%2Fsync.cootlogix.com%2Fapi%2Fcookie%3FpartnerId%3Diqzone%26gdpr%3D%26gdpr_consent%3D%26us_privacy%3D%26userId%3D%5BUID%5D&gdpr=&gdpr_consent=&ccpa=:0
[     188ms] [ERROR] Failed to load resource: the server responded with a status of 404 (Not Found) @ https://us4.shb-sync.com/a760a5a7-e35e-49b8-9f5e-723455346741.gif?puid=d6831260-f000-1b40-7326-ad918a98bcb6&gdpr=&gdpr_consent=ccpa=:0
[     348ms] [ERROR] Failed to load resource: net::ERR_NAME_NOT_RESOLVED @ https://cs.iqzone.com/6f0476ca45e1d6b67e3ee8d57532a022.gif?redir=https%3A%2F%2Fsync.cootlogix.com%2Fapi%2Fcookie%3FpartnerId%3Diqzone%26gdpr%3D%26gdpr_consent%3D%26us_privacy%3D%26userId%3D%5BUID%5D&gdpr=&gdpr_consent=&ccpa=:0
[     397ms] [ERROR] Failed to load resource: the server responded with a status of 404 (Not Found) @ https://us4.shb-sync.com/a760a5a7-e35e-49b8-9f5e-723455346741.gif?puid=d6831260-f000-1b40-7326-ad918a98bcb6&gdpr=&gdpr_consent=ccpa=:0
[     533ms] [ERROR] Failed to load resource: net::ERR_NAME_NOT_RESOLVED @ https://cs.iqzone.com/6f0476ca45e1d6b67e3ee8d57532a022.gif?redir=https%3A%2F%2Fsync.cootlogix.com%2Fapi%2Fcookie%3FpartnerId%3Diqzone%26gdpr%3D%26gdpr_consent%3D%26us_privacy%3D%26userId%3D%5BUID%5D&gdpr=&gdpr_consent=&ccpa=:0
[     617ms] [ERROR] Failed to load resource: the server responded with a status of 404 (Not Found) @ https://us4.shb-sync.com/a760a5a7-e35e-49b8-9f5e-723455346741.gif?puid=d6831260-f000-1b40-7326-ad918a98bcb6&gdpr=&gdpr_consent=ccpa=:0
[     710ms] [ERROR] Failed to load resource: net::ERR_NAME_NOT_RESOLVED @ https://cs.iqzone.com/6f0476ca45e1d6b67e3ee8d57532a022.gif?redir=https%3A%2F%2Fsync.cootlogix.com%2Fapi%2Fcookie%3FpartnerId%3Diqzone%26gdpr%3D%26gdpr_consent%3D%26us_privacy%3D%26userId%3D%5BUID%5D&gdpr=&gdpr_consent=&ccpa=:0
[  -74817ms] [ERROR] Failed to load resource: the server responded with a status of 424 (Failed Dependency) @ https://t.adx.opera.com/pub/sync?pubid=pub10101531197440&gdpr=1&gdpr_consent=:0
[   -3242ms] [ERROR] Failed to load resource: the server responded with a status of 424 (Failed Dependency) @ https://t.adx.opera.com/pub/sync?pubid=pub10101531197440&gdpr=1&gdpr_consent=:0
[   -2913ms] [ERROR] Failed to load resource: the server responded with a status of 424 (Failed Dependency) @ https://t.adx.opera.com/pub/sync?pubid=pub10101531197440&gdpr=1&gdpr_consent=:0
[     832ms] [ERROR] Failed to load resource: the server responded with a status of 404 (Not Found) @ https://us4.shb-sync.com/a760a5a7-e35e-49b8-9f5e-723455346741.gif?puid=d6831260-f000-1b40-7326-ad918a98bcb6&gdpr=&gdpr_consent=ccpa=:0
[     880ms] [ERROR] Failed to load resource: the server responded with a status of 404 () @ https://cs.admanmedia.com/94fd017f496d404a25fc5546f959bf2f.gif?gdpr=&gdpr_consent=&us_privacy=&redir=https%3A%2F%2Fsync.kueezrtb.com%2Fapi%2Fcookie%3FpartnerId%3Dkueez-acuity%26gdpr%3D%26gdpr_consent%3D%26us_privacy%3D%26userId%3D%5BUID%5D:0
[     938ms] [ERROR] Failed to load resource: the server responded with a status of 404 () @ https://ittpx.eskimi.com/sync?sp_id=181&gdpr=${GDPR}&gdpr_consent=${GDPR_CONSENT}&us_privacy=${US_PRIVACY}&dest=https%3A%2F%2Fsync.adtech.ink%2Fpsync%3Ft%3Dd%26e%3D350%26u%3D%24%7BUSER_ID%7D%26clp%3DaHR0cHM6Ly9zeW5jLmNvb3Rsb2dpeC5jb20vYXBpL2Nvb2tpZT9wYXJ0bmVySWQ9YWRpc29udHYmdXNlcklkPSVVU0VSX0lEJSZnZHByPSZnZHByX2NvbnNlbnQ9JnVzX3ByaXZhY3k9:0
[     962ms] [ERROR] Failed to load resource: net::ERR_NAME_NOT_RESOLVED @ https://visitor-safari.omnitagjs.com/visitor/bsync?uid=d18a3e2f66cd92d3dd8b543f28c4a5cb&name=beop&url=https%3A%2F%2Fsync.adtech.ink%2Fpsync%3Ft%3Dd%26e%3D204%26u%3DPARTNER_USER_ID%26clp%3DaHR0cHM6Ly9zeW5jLmNvb3Rsb2dpeC5jb20vYXBpL2Nvb2tpZT9wYXJ0bmVySWQ9YWRpc29udHYmdXNlcklkPSVVU0VSX0lEJSZnZHByPSZnZHByX2NvbnNlbnQ9JnVzX3ByaXZhY3k9:0
[   -2254ms] [ERROR] Failed to load resource: net::ERR_NAME_NOT_RESOLVED @ https://cs.iqzone.com/6f0476ca45e1d6b67e3ee8d57532a022.gif?redir=https%3A%2F%2Fsync.cootlogix.com%2Fapi%2Fcookie%3FpartnerId%3Diqzone%26gdpr%3D%26gdpr_consent%3D%26us_privacy%3D%26userId%3D%5BUID%5D&gdpr=&gdpr_consent=&ccpa=:0
[   -1986ms] [ERROR] Failed to load resource: net::ERR_NAME_NOT_RESOLVED @ https://cs.iqzone.com/6f0476ca45e1d6b67e3ee8d57532a022.gif?redir=https%3A%2F%2Fsync.cootlogix.com%2Fapi%2Fcookie%3FpartnerId%3Diqzone%26gdpr%3D%26gdpr_consent%3D%26us_privacy%3D%26userId%3D%5BUID%5D&gdpr=&gdpr_consent=&ccpa=:0
[   -1945ms] [ERROR] Failed to load resource: net::ERR_NAME_NOT_RESOLVED @ https://cs.iqzone.com/6f0476ca45e1d6b67e3ee8d57532a022.gif?redir=https%3A%2F%2Fsync.cootlogix.com%2Fapi%2Fcookie%3FpartnerId%3Diqzone%26gdpr%3D%26gdpr_consent%3D%26us_privacy%3D%26userId%3D%5BUID%5D&gdpr=&gdpr_consent=&ccpa=:0
[   -1748ms] [ERROR] Failed to load resource: net::ERR_NAME_NOT_RESOLVED @ https://cs.iqzone.com/6f0476ca45e1d6b67e3ee8d57532a022.gif?redir=https%3A%2F%2Fsync.cootlogix.com%2Fapi%2Fcookie%3FpartnerId%3Diqzone%26gdpr%3D%26gdpr_consent%3D%26us_privacy%3D%26userId%3D%5BUID%5D&gdpr=&gdpr_consent=&ccpa=:0
[   -1478ms] [ERROR] Failed to load resource: net::ERR_NAME_NOT_RESOLVED @ https://cs.iqzone.com/6f0476ca45e1d6b67e3ee8d57532a022.gif?redir=https%3A%2F%2Fsync.cootlogix.com%2Fapi%2Fcookie%3FpartnerId%3Diqzone%26gdpr%3D%26gdpr_consent%3D%26us_privacy%3D%26userId%3D%5BUID%5D&gdpr=&gdpr_consent=&ccpa=:0
[   -1419ms] [ERROR] Failed to load resource: net::ERR_NAME_NOT_RESOLVED @ https://cs.iqzone.com/6f0476ca45e1d6b67e3ee8d57532a022.gif?redir=https%3A%2F%2Fsync.cootlogix.com%2Fapi%2Fcookie%3FpartnerId%3Diqzone%26gdpr%3D%26gdpr_consent%3D%26us_privacy%3D%26userId%3D%5BUID%5D&gdpr=&gdpr_consent=&ccpa=:0
[    -882ms] [ERROR] Failed to load resource: the server responded with a status of 404 (Not Found) @ https://us4.shb-sync.com/a760a5a7-e35e-49b8-9f5e-723455346741.gif?puid=d6831260-f000-1b40-7326-ad918a98bcb6&gdpr=&gdpr_consent=ccpa=:0
[    -711ms] [ERROR] Failed to load resource: net::ERR_NAME_NOT_RESOLVED @ https://cs.iqzone.com/6f0476ca45e1d6b67e3ee8d57532a022.gif?redir=https%3A%2F%2Fsync.cootlogix.com%2Fapi%2Fcookie%3FpartnerId%3Diqzone%26gdpr%3D%26gdpr_consent%3D%26us_privacy%3D%26userId%3D%5BUID%5D&gdpr=&gdpr_consent=&ccpa=:0
[    -670ms] [ERROR] Failed to load resource: the server responded with a status of 404 (Not Found) @ https://us4.shb-sync.com/a760a5a7-e35e-49b8-9f5e-723455346741.gif?puid=d6831260-f000-1b40-7326-ad918a98bcb6&gdpr=&gdpr_consent=ccpa=:0
[    -669ms] [ERROR] Failed to load resource: net::ERR_NAME_NOT_RESOLVED @ https://cs.iqzone.com/6f0476ca45e1d6b67e3ee8d57532a022.gif?redir=https%3A%2F%2Fsync.cootlogix.com%2Fapi%2Fcookie%3FpartnerId%3Diqzone%26gdpr%3D%26gdpr_consent%3D%26us_privacy%3D%26userId%3D%5BUID%5D&gdpr=&gdpr_consent=&ccpa=:0
[    -617ms] [ERROR] Failed to load resource: net::ERR_NAME_NOT_RESOLVED @ https://cs.iqzone.com/6f0476ca45e1d6b67e3ee8d57532a022.gif?redir=https%3A%2F%2Fsync.cootlogix.com%2Fapi%2Fcookie%3FpartnerId%3Diqzone%26gdpr%3D%26gdpr_consent%3D%26us_privacy%3D%26userId%3D%5BUID%5D&gdpr=&gdpr_consent=&ccpa=:0
[    -456ms] [ERROR] Failed to load resource: the server responded with a status of 404 (Not Found) @ https://us4.shb-sync.com/a760a5a7-e35e-49b8-9f5e-723455346741.gif?puid=d6831260-f000-1b40-7326-ad918a98bcb6&gdpr=&gdpr_consent=ccpa=:0
[    -367ms] [ERROR] Failed to load resource: net::ERR_NAME_NOT_RESOLVED @ https://cs.iqzone.com/6f0476ca45e1d6b67e3ee8d57532a022.gif?redir=https%3A%2F%2Fsync.cootlogix.com%2Fapi%2Fcookie%3FpartnerId%3Diqzone%26gdpr%3D%26gdpr_consent%3D%26us_privacy%3D%26userId%3D%5BUID%5D&gdpr=&gdpr_consent=&ccpa=:0
[    -321ms] [ERROR] Failed to load resource: net::ERR_NAME_NOT_RESOLVED @ https://cs.iqzone.com/6f0476ca45e1d6b67e3ee8d57532a022.gif?redir=https%3A%2F%2Fsync.cootlogix.com%2Fapi%2Fcookie%3FpartnerId%3Diqzone%26gdpr%3D%26gdpr_consent%3D%26us_privacy%3D%26userId%3D%5BUID%5D&gdpr=&gdpr_consent=&ccpa=:0
[    -239ms] [ERROR] Failed to load resource: the server responded with a status of 404 (Not Found) @ https://us4.shb-sync.com/a760a5a7-e35e-49b8-9f5e-723455346741.gif?puid=d6831260-f000-1b40-7326-ad918a98bcb6&gdpr=&gdpr_consent=ccpa=:0
[     -28ms] [ERROR] Failed to load resource: the server responded with a status of 404 (Not Found) @ https://us4.shb-sync.com/a760a5a7-e35e-49b8-9f5e-723455346741.gif?puid=d6831260-f000-1b40-7326-ad918a98bcb6&gdpr=&gdpr_consent=ccpa=:0
[     157ms] [ERROR] Failed to load resource: net::ERR_NAME_NOT_RESOLVED @ https://cs.iqzone.com/6f0476ca45e1d6b67e3ee8d57532a022.gif?redir=https%3A%2F%2Fsync.cootlogix.com%2Fapi%2Fcookie%3FpartnerId%3Diqzone%26gdpr%3D%26gdpr_consent%3D%26us_privacy%3D%26userId%3D%5BUID%5D&gdpr=&gdpr_consent=&ccpa=:0
[     188ms] [ERROR] Failed to load resource: the server responded with a status of 404 (Not Found) @ https://us4.shb-sync.com/a760a5a7-e35e-49b8-9f5e-723455346741.gif?puid=d6831260-f000-1b40-7326-ad918a98bcb6&gdpr=&gdpr_consent=ccpa=:0
[     348ms] [ERROR] Failed to load resource: net::ERR_NAME_NOT_RESOLVED @ https://cs.iqzone.com/6f0476ca45e1d6b67e3ee8d57532a022.gif?redir=https%3A%2F%2Fsync.cootlogix.com%2Fapi%2Fcookie%3FpartnerId%3Diqzone%26gdpr%3D%26gdpr_consent%3D%26us_privacy%3D%26userId%3D%5BUID%5D&gdpr=&gdpr_consent=&ccpa=:0
[     397ms] [ERROR] Failed to load resource: the server responded with a status of 404 (Not Found) @ https://us4.shb-sync.com/a760a5a7-e35e-49b8-9f5e-723455346741.gif?puid=d6831260-f000-1b40-7326-ad918a98bcb6&gdpr=&gdpr_consent=ccpa=:0
[     533ms] [ERROR] Failed to load resource: net::ERR_NAME_NOT_RESOLVED @ https://cs.iqzone.com/6f0476ca45e1d6b67e3ee8d57532a022.gif?redir=https%3A%2F%2Fsync.cootlogix.com%2Fapi%2Fcookie%3FpartnerId%3Diqzone%26gdpr%3D%26gdpr_consent%3D%26us_privacy%3D%26userId%3D%5BUID%5D&gdpr=&gdpr_consent=&ccpa=:0
[     617ms] [ERROR] Failed to load resource: the server responded with a status of 404 (Not Found) @ https://us4.shb-sync.com/a760a5a7-e35e-49b8-9f5e-723455346741.gif?puid=d6831260-f000-1b40-7326-ad918a98bcb6&gdpr=&gdpr_consent=ccpa=:0
[     710ms] [ERROR] Failed to load resource: net::ERR_NAME_NOT_RESOLVED @ https://cs.iqzone.com/6f0476ca45e1d6b67e3ee8d57532a022.gif?redir=https%3A%2F%2Fsync.cootlogix.com%2Fapi%2Fcookie%3FpartnerId%3Diqzone%26gdpr%3D%26gdpr_consent%3D%26us_privacy%3D%26userId%3D%5BUID%5D&gdpr=&gdpr_consent=&ccpa=:0
[     832ms] [ERROR] Failed to load resource: the server responded with a status of 404 (Not Found) @ https://us4.shb-sync.com/a760a5a7-e35e-49b8-9f5e-723455346741.gif?puid=d6831260-f000-1b40-7326-ad918a98bcb6&gdpr=&gdpr_consent=ccpa=:0
[     938ms] [ERROR] Failed to load resource: the server responded with a status of 404 () @ https://ittpx.eskimi.com/sync?sp_id=181&gdpr=${GDPR}&gdpr_consent=${GDPR_CONSENT}&us_privacy=${US_PRIVACY}&dest=https%3A%2F%2Fsync.adtech.ink%2Fpsync%3Ft%3Dd%26e%3D350%26u%3D%24%7BUSER_ID%7D%26clp%3DaHR0cHM6Ly9zeW5jLmNvb3Rsb2dpeC5jb20vYXBpL2Nvb2tpZT9wYXJ0bmVySWQ9YWRpc29udHYmdXNlcklkPSVVU0VSX0lEJSZnZHByPSZnZHByX2NvbnNlbnQ9JnVzX3ByaXZhY3k9:0
[     962ms] [ERROR] Failed to load resource: net::ERR_NAME_NOT_RESOLVED @ https://visitor-safari.omnitagjs.com/visitor/bsync?uid=d18a3e2f66cd92d3dd8b543f28c4a5cb&name=beop&url=https%3A%2F%2Fsync.adtech.ink%2Fpsync%3Ft%3Dd%26e%3D204%26u%3DPARTNER_USER_ID%26clp%3DaHR0cHM6Ly9zeW5jLmNvb3Rsb2dpeC5jb20vYXBpL2Nvb2tpZT9wYXJ0bmVySWQ9YWRpc29udHYmdXNlcklkPSVVU0VSX0lEJSZnZHByPSZnZHByX2NvbnNlbnQ9JnVzX3ByaXZhY3k9:0
[  -74817ms] [ERROR] Failed to load resource: the server responded with a status of 424 (Failed Dependency) @ https://t.adx.opera.com/pub/sync?pubid=pub10101531197440&gdpr=1&gdpr_consent=:0
[   -3242ms] [ERROR] Failed to load resource: the server responded with a status of 424 (Failed Dependency) @ https://t.adx.opera.com/pub/sync?pubid=pub10101531197440&gdpr=1&gdpr_consent=:0
[   -2913ms] [ERROR] Failed to load resource: the server responded with a status of 424 (Failed Dependency) @ https://t.adx.opera.com/pub/sync?pubid=pub10101531197440&gdpr=1&gdpr_consent=:0
[  -75369ms] [ERROR] Failed to load resource: net::ERR_NAME_NOT_RESOLVED @ https://dps.jp.cinarra.com/pxd?PLATFORM_ID=1&USER_ID=4f39a753-e23e-8f8a-f363-c303968ba45a:0
[  -75192ms] [ERROR] Failed to load resource: net::ERR_NAME_NOT_RESOLVED @ https://match.rundsp.com/redirect?ex=openx:0
[  -73342ms] [ERROR] Failed to load resource: net::ERR_CONNECTION_REFUSED @ https://cs.nex8.net/cs/openx:0
[   -4538ms] [ERROR] Failed to load resource: net::ERR_NAME_NOT_RESOLVED @ https://j.mrpdata.net/c.html?ex=OpenX:0
[  -74817ms] [ERROR] Failed to load resource: the server responded with a status of 424 (Failed Dependency) @ https://t.adx.opera.com/pub/sync?pubid=pub10101531197440&gdpr=1&gdpr_consent=:0
[   -3242ms] [ERROR] Failed to load resource: the server responded with a status of 424 (Failed Dependency) @ https://t.adx.opera.com/pub/sync?pubid=pub10101531197440&gdpr=1&gdpr_consent=:0
[   -2913ms] [ERROR] Failed to load resource: the server responded with a status of 424 (Failed Dependency) @ https://t.adx.opera.com/pub/sync?pubid=pub10101531197440&gdpr=1&gdpr_consent=:0
[  -74817ms] [ERROR] Failed to load resource: the server responded with a status of 424 (Failed Dependency) @ https://t.adx.opera.com/pub/sync?pubid=pub10101531197440&gdpr=1&gdpr_consent=:0
[   -3242ms] [ERROR] Failed to load resource: the server responded with a status of 424 (Failed Dependency) @ https://t.adx.opera.com/pub/sync?pubid=pub10101531197440&gdpr=1&gdpr_consent=:0
[   -2913ms] [ERROR] Failed to load resource: the server responded with a status of 424 (Failed Dependency) @ https://t.adx.opera.com/pub/sync?pubid=pub10101531197440&gdpr=1&gdpr_consent=:0
[    1061ms] [ERROR] Failed to load resource: the server responded with a status of 424 (Failed Dependency) @ https://t.adx.opera.com/pub/sync?pubid=pub10101531197440&gdpr=1&gdpr_consent=:0
[  -75369ms] [ERROR] Failed to load resource: net::ERR_NAME_NOT_RESOLVED @ https://dps.jp.cinarra.com/pxd?PLATFORM_ID=1&USER_ID=4f39a753-e23e-8f8a-f363-c303968ba45a:0
[  -75192ms] [ERROR] Failed to load resource: net::ERR_NAME_NOT_RESOLVED @ https://match.rundsp.com/redirect?ex=openx:0
[  -73342ms] [ERROR] Failed to load resource: net::ERR_CONNECTION_REFUSED @ https://cs.nex8.net/cs/openx:0
[   -4538ms] [ERROR] Failed to load resource: net::ERR_NAME_NOT_RESOLVED @ https://j.mrpdata.net/c.html?ex=OpenX:0
[  -75369ms] [ERROR] Failed to load resource: net::ERR_NAME_NOT_RESOLVED @ https://dps.jp.cinarra.com/pxd?PLATFORM_ID=1&USER_ID=4f39a753-e23e-8f8a-f363-c303968ba45a:0
[  -75192ms] [ERROR] Failed to load resource: net::ERR_NAME_NOT_RESOLVED @ https://match.rundsp.com/redirect?ex=openx:0
[  -73342ms] [ERROR] Failed to load resource: net::ERR_CONNECTION_REFUSED @ https://cs.nex8.net/cs/openx:0
[   -4538ms] [ERROR] Failed to load resource: net::ERR_NAME_NOT_RESOLVED @ https://j.mrpdata.net/c.html?ex=OpenX:0
[  -75369ms] [ERROR] Failed to load resource: net::ERR_NAME_NOT_RESOLVED @ https://dps.jp.cinarra.com/pxd?PLATFORM_ID=1&USER_ID=4f39a753-e23e-8f8a-f363-c303968ba45a:0
[  -75192ms] [ERROR] Failed to load resource: net::ERR_NAME_NOT_RESOLVED @ https://match.rundsp.com/redirect?ex=openx:0
[  -73342ms] [ERROR] Failed to load resource: net::ERR_CONNECTION_REFUSED @ https://cs.nex8.net/cs/openx:0
[   -4538ms] [ERROR] Failed to load resource: net::ERR_NAME_NOT_RESOLVED @ https://j.mrpdata.net/c.html?ex=OpenX:0
[    1396ms] [ERROR] Failed to load resource: the server responded with a status of 404 (Not Found) @ https://us4.shb-sync.com/a760a5a7-e35e-49b8-9f5e-723455346741.gif?puid=d6831260-f000-1b40-7326-ad918a98bcb6&gdpr=&gdpr_consent=ccpa=:0
[    1396ms] [ERROR] Failed to load resource: the server responded with a status of 404 (Not Found) @ https://us4.shb-sync.com/a760a5a7-e35e-49b8-9f5e-723455346741.gif?puid=d6831260-f000-1b40-7326-ad918a98bcb6&gdpr=&gdpr_consent=ccpa=:0
[   -2254ms] [ERROR] Failed to load resource: net::ERR_NAME_NOT_RESOLVED @ https://cs.iqzone.com/6f0476ca45e1d6b67e3ee8d57532a022.gif?redir=https%3A%2F%2Fsync.cootlogix.com%2Fapi%2Fcookie%3FpartnerId%3Diqzone%26gdpr%3D%26gdpr_consent%3D%26us_privacy%3D%26userId%3D%5BUID%5D&gdpr=&gdpr_consent=&ccpa=:0
[   -1986ms] [ERROR] Failed to load resource: net::ERR_NAME_NOT_RESOLVED @ https://cs.iqzone.com/6f0476ca45e1d6b67e3ee8d57532a022.gif?redir=https%3A%2F%2Fsync.cootlogix.com%2Fapi%2Fcookie%3FpartnerId%3Diqzone%26gdpr%3D%26gdpr_consent%3D%26us_privacy%3D%26userId%3D%5BUID%5D&gdpr=&gdpr_consent=&ccpa=:0
[   -1945ms] [ERROR] Failed to load resource: net::ERR_NAME_NOT_RESOLVED @ https://cs.iqzone.com/6f0476ca45e1d6b67e3ee8d57532a022.gif?redir=https%3A%2F%2Fsync.cootlogix.com%2Fapi%2Fcookie%3FpartnerId%3Diqzone%26gdpr%3D%26gdpr_consent%3D%26us_privacy%3D%26userId%3D%5BUID%5D&gdpr=&gdpr_consent=&ccpa=:0
[   -1748ms] [ERROR] Failed to load resource: net::ERR_NAME_NOT_RESOLVED @ https://cs.iqzone.com/6f0476ca45e1d6b67e3ee8d57532a022.gif?redir=https%3A%2F%2Fsync.cootlogix.com%2Fapi%2Fcookie%3FpartnerId%3Diqzone%26gdpr%3D%26gdpr_consent%3D%26us_privacy%3D%26userId%3D%5BUID%5D&gdpr=&gdpr_consent=&ccpa=:0
[   -1478ms] [ERROR] Failed to load resource: net::ERR_NAME_NOT_RESOLVED @ https://cs.iqzone.com/6f0476ca45e1d6b67e3ee8d57532a022.gif?redir=https%3A%2F%2Fsync.cootlogix.com%2Fapi%2Fcookie%3FpartnerId%3Diqzone%26gdpr%3D%26gdpr_consent%3D%26us_privacy%3D%26userId%3D%5BUID%5D&gdpr=&gdpr_consent=&ccpa=:0
[   -1419ms] [ERROR] Failed to load resource: net::ERR_NAME_NOT_RESOLVED @ https://cs.iqzone.com/6f0476ca45e1d6b67e3ee8d57532a022.gif?redir=https%3A%2F%2Fsync.cootlogix.com%2Fapi%2Fcookie%3FpartnerId%3Diqzone%26gdpr%3D%26gdpr_consent%3D%26us_privacy%3D%26userId%3D%5BUID%5D&gdpr=&gdpr_consent=&ccpa=:0
[    -882ms] [ERROR] Failed to load resource: the server responded with a status of 404 (Not Found) @ https://us4.shb-sync.com/a760a5a7-e35e-49b8-9f5e-723455346741.gif?puid=d6831260-f000-1b40-7326-ad918a98bcb6&gdpr=&gdpr_consent=ccpa=:0
[    -711ms] [ERROR] Failed to load resource: net::ERR_NAME_NOT_RESOLVED @ https://cs.iqzone.com/6f0476ca45e1d6b67e3ee8d57532a022.gif?redir=https%3A%2F%2Fsync.cootlogix.com%2Fapi%2Fcookie%3FpartnerId%3Diqzone%26gdpr%3D%26gdpr_consent%3D%26us_privacy%3D%26userId%3D%5BUID%5D&gdpr=&gdpr_consent=&ccpa=:0
[    -670ms] [ERROR] Failed to load resource: the server responded with a status of 404 (Not Found) @ https://us4.shb-sync.com/a760a5a7-e35e-49b8-9f5e-723455346741.gif?puid=d6831260-f000-1b40-7326-ad918a98bcb6&gdpr=&gdpr_consent=ccpa=:0
[    -669ms] [ERROR] Failed to load resource: net::ERR_NAME_NOT_RESOLVED @ https://cs.iqzone.com/6f0476ca45e1d6b67e3ee8d57532a022.gif?redir=https%3A%2F%2Fsync.cootlogix.com%2Fapi%2Fcookie%3FpartnerId%3Diqzone%26gdpr%3D%26gdpr_consent%3D%26us_privacy%3D%26userId%3D%5BUID%5D&gdpr=&gdpr_consent=&ccpa=:0
[    -617ms] [ERROR] Failed to load resource: net::ERR_NAME_NOT_RESOLVED @ https://cs.iqzone.com/6f0476ca45e1d6b67e3ee8d57532a022.gif?redir=https%3A%2F%2Fsync.cootlogix.com%2Fapi%2Fcookie%3FpartnerId%3Diqzone%26gdpr%3D%26gdpr_consent%3D%26us_privacy%3D%26userId%3D%5BUID%5D&gdpr=&gdpr_consent=&ccpa=:0
[    -456ms] [ERROR] Failed to load resource: the server responded with a status of 404 (Not Found) @ https://us4.shb-sync.com/a760a5a7-e35e-49b8-9f5e-723455346741.gif?puid=d6831260-f000-1b40-7326-ad918a98bcb6&gdpr=&gdpr_consent=ccpa=:0
[    -367ms] [ERROR] Failed to load resource: net::ERR_NAME_NOT_RESOLVED @ https://cs.iqzone.com/6f0476ca45e1d6b67e3ee8d57532a022.gif?redir=https%3A%2F%2Fsync.cootlogix.com%2Fapi%2Fcookie%3FpartnerId%3Diqzone%26gdpr%3D%26gdpr_consent%3D%26us_privacy%3D%26userId%3D%5BUID%5D&gdpr=&gdpr_consent=&ccpa=:0
[    -321ms] [ERROR] Failed to load resource: net::ERR_NAME_NOT_RESOLVED @ https://cs.iqzone.com/6f0476ca45e1d6b67e3ee8d57532a022.gif?redir=https%3A%2F%2Fsync.cootlogix.com%2Fapi%2Fcookie%3FpartnerId%3Diqzone%26gdpr%3D%26gdpr_consent%3D%26us_privacy%3D%26userId%3D%5BUID%5D&gdpr=&gdpr_consent=&ccpa=:0
[    -239ms] [ERROR] Failed to load resource: the server responded with a status of 404 (Not Found) @ https://us4.shb-sync.com/a760a5a7-e35e-49b8-9f5e-723455346741.gif?puid=d6831260-f000-1b40-7326-ad918a98bcb6&gdpr=&gdpr_consent=ccpa=:0
[     -28ms] [ERROR] Failed to load resource: the server responded with a status of 404 (Not Found) @ https://us4.shb-sync.com/a760a5a7-e35e-49b8-9f5e-723455346741.gif?puid=d6831260-f000-1b40-7326-ad918a98bcb6&gdpr=&gdpr_consent=ccpa=:0
[     157ms] [ERROR] Failed to load resource: net::ERR_NAME_NOT_RESOLVED @ https://cs.iqzone.com/6f0476ca45e1d6b67e3ee8d57532a022.gif?redir=https%3A%2F%2Fsync.cootlogix.com%2Fapi%2Fcookie%3FpartnerId%3Diqzone%26gdpr%3D%26gdpr_consent%3D%26us_privacy%3D%26userId%3D%5BUID%5D&gdpr=&gdpr_consent=&ccpa=:0
[     188ms] [ERROR] Failed to load resource: the server responded with a status of 404 (Not Found) @ https://us4.shb-sync.com/a760a5a7-e35e-49b8-9f5e-723455346741.gif?puid=d6831260-f000-1b40-7326-ad918a98bcb6&gdpr=&gdpr_consent=ccpa=:0
[     348ms] [ERROR] Failed to load resource: net::ERR_NAME_NOT_RESOLVED @ https://cs.iqzone.com/6f0476ca45e1d6b67e3ee8d57532a022.gif?redir=https%3A%2F%2Fsync.cootlogix.com%2Fapi%2Fcookie%3FpartnerId%3Diqzone%26gdpr%3D%26gdpr_consent%3D%26us_privacy%3D%26userId%3D%5BUID%5D&gdpr=&gdpr_consent=&ccpa=:0
[     397ms] [ERROR] Failed to load resource: the server responded with a status of 404 (Not Found) @ https://us4.shb-sync.com/a760a5a7-e35e-49b8-9f5e-723455346741.gif?puid=d6831260-f000-1b40-7326-ad918a98bcb6&gdpr=&gdpr_consent=ccpa=:0
[     533ms] [ERROR] Failed to load resource: net::ERR_NAME_NOT_RESOLVED @ https://cs.iqzone.com/6f0476ca45e1d6b67e3ee8d57532a022.gif?redir=https%3A%2F%2Fsync.cootlogix.com%2Fapi%2Fcookie%3FpartnerId%3Diqzone%26gdpr%3D%26gdpr_consent%3D%26us_privacy%3D%26userId%3D%5BUID%5D&gdpr=&gdpr_consent=&ccpa=:0
[     617ms] [ERROR] Failed to load resource: the server responded with a status of 404 (Not Found) @ https://us4.shb-sync.com/a760a5a7-e35e-49b8-9f5e-723455346741.gif?puid=d6831260-f000-1b40-7326-ad918a98bcb6&gdpr=&gdpr_consent=ccpa=:0
[     710ms] [ERROR] Failed to load resource: net::ERR_NAME_NOT_RESOLVED @ https://cs.iqzone.com/6f0476ca45e1d6b67e3ee8d57532a022.gif?redir=https%3A%2F%2Fsync.cootlogix.com%2Fapi%2Fcookie%3FpartnerId%3Diqzone%26gdpr%3D%26gdpr_consent%3D%26us_privacy%3D%26userId%3D%5BUID%5D&gdpr=&gdpr_consent=&ccpa=:0
[     832ms] [ERROR] Failed to load resource: the server responded with a status of 404 (Not Found) @ https://us4.shb-sync.com/a760a5a7-e35e-49b8-9f5e-723455346741.gif?puid=d6831260-f000-1b40-7326-ad918a98bcb6&gdpr=&gdpr_consent=ccpa=:0
[     938ms] [ERROR] Failed to load resource: the server responded with a status of 404 () @ https://ittpx.eskimi.com/sync?sp_id=181&gdpr=${GDPR}&gdpr_consent=${GDPR_CONSENT}&us_privacy=${US_PRIVACY}&dest=https%3A%2F%2Fsync.adtech.ink%2Fpsync%3Ft%3Dd%26e%3D350%26u%3D%24%7BUSER_ID%7D%26clp%3DaHR0cHM6Ly9zeW5jLmNvb3Rsb2dpeC5jb20vYXBpL2Nvb2tpZT9wYXJ0bmVySWQ9YWRpc29udHYmdXNlcklkPSVVU0VSX0lEJSZnZHByPSZnZHByX2NvbnNlbnQ9JnVzX3ByaXZhY3k9:0
[     962ms] [ERROR] Failed to load resource: net::ERR_NAME_NOT_RESOLVED @ https://visitor-safari.omnitagjs.com/visitor/bsync?uid=d18a3e2f66cd92d3dd8b543f28c4a5cb&name=beop&url=https%3A%2F%2Fsync.adtech.ink%2Fpsync%3Ft%3Dd%26e%3D204%26u%3DPARTNER_USER_ID%26clp%3DaHR0cHM6Ly9zeW5jLmNvb3Rsb2dpeC5jb20vYXBpL2Nvb2tpZT9wYXJ0bmVySWQ9YWRpc29udHYmdXNlcklkPSVVU0VSX0lEJSZnZHByPSZnZHByX2NvbnNlbnQ9JnVzX3ByaXZhY3k9:0
[    1396ms] [ERROR] Failed to load resource: the server responded with a status of 404 (Not Found) @ https://us4.shb-sync.com/a760a5a7-e35e-49b8-9f5e-723455346741.gif?puid=d6831260-f000-1b40-7326-ad918a98bcb6&gdpr=&gdpr_consent=ccpa=:0
[    1396ms] [ERROR] Failed to load resource: the server responded with a status of 404 (Not Found) @ https://us4.shb-sync.com/a760a5a7-e35e-49b8-9f5e-723455346741.gif?puid=d6831260-f000-1b40-7326-ad918a98bcb6&gdpr=&gdpr_consent=ccpa=:0
[   -2254ms] [ERROR] Failed to load resource: net::ERR_NAME_NOT_RESOLVED @ https://cs.iqzone.com/6f0476ca45e1d6b67e3ee8d57532a022.gif?redir=https%3A%2F%2Fsync.cootlogix.com%2Fapi%2Fcookie%3FpartnerId%3Diqzone%26gdpr%3D%26gdpr_consent%3D%26us_privacy%3D%26userId%3D%5BUID%5D&gdpr=&gdpr_consent=&ccpa=:0
[   -1986ms] [ERROR] Failed to load resource: net::ERR_NAME_NOT_RESOLVED @ https://cs.iqzone.com/6f0476ca45e1d6b67e3ee8d57532a022.gif?redir=https%3A%2F%2Fsync.cootlogix.com%2Fapi%2Fcookie%3FpartnerId%3Diqzone%26gdpr%3D%26gdpr_consent%3D%26us_privacy%3D%26userId%3D%5BUID%5D&gdpr=&gdpr_consent=&ccpa=:0
[   -1945ms] [ERROR] Failed to load resource: net::ERR_NAME_NOT_RESOLVED @ https://cs.iqzone.com/6f0476ca45e1d6b67e3ee8d57532a022.gif?redir=https%3A%2F%2Fsync.cootlogix.com%2Fapi%2Fcookie%3FpartnerId%3Diqzone%26gdpr%3D%26gdpr_consent%3D%26us_privacy%3D%26userId%3D%5BUID%5D&gdpr=&gdpr_consent=&ccpa=:0
[   -1748ms] [ERROR] Failed to load resource: net::ERR_NAME_NOT_RESOLVED @ https://cs.iqzone.com/6f0476ca45e1d6b67e3ee8d57532a022.gif?redir=https%3A%2F%2Fsync.cootlogix.com%2Fapi%2Fcookie%3FpartnerId%3Diqzone%26gdpr%3D%26gdpr_consent%3D%26us_privacy%3D%26userId%3D%5BUID%5D&gdpr=&gdpr_consent=&ccpa=:0
[   -1478ms] [ERROR] Failed to load resource: net::ERR_NAME_NOT_RESOLVED @ https://cs.iqzone.com/6f0476ca45e1d6b67e3ee8d57532a022.gif?redir=https%3A%2F%2Fsync.cootlogix.com%2Fapi%2Fcookie%3FpartnerId%3Diqzone%26gdpr%3D%26gdpr_consent%3D%26us_privacy%3D%26userId%3D%5BUID%5D&gdpr=&gdpr_consent=&ccpa=:0
[   -1419ms] [ERROR] Failed to load resource: net::ERR_NAME_NOT_RESOLVED @ https://cs.iqzone.com/6f0476ca45e1d6b67e3ee8d57532a022.gif?redir=https%3A%2F%2Fsync.cootlogix.com%2Fapi%2Fcookie%3FpartnerId%3Diqzone%26gdpr%3D%26gdpr_consent%3D%26us_privacy%3D%26userId%3D%5BUID%5D&gdpr=&gdpr_consent=&ccpa=:0
[    -882ms] [ERROR] Failed to load resource: the server responded with a status of 404 (Not Found) @ https://us4.shb-sync.com/a760a5a7-e35e-49b8-9f5e-723455346741.gif?puid=d6831260-f000-1b40-7326-ad918a98bcb6&gdpr=&gdpr_consent=ccpa=:0
[    -711ms] [ERROR] Failed to load resource: net::ERR_NAME_NOT_RESOLVED @ https://cs.iqzone.com/6f0476ca45e1d6b67e3ee8d57532a022.gif?redir=https%3A%2F%2Fsync.cootlogix.com%2Fapi%2Fcookie%3FpartnerId%3Diqzone%26gdpr%3D%26gdpr_consent%3D%26us_privacy%3D%26userId%3D%5BUID%5D&gdpr=&gdpr_consent=&ccpa=:0
[    -670ms] [ERROR] Failed to load resource: the server responded with a status of 404 (Not Found) @ https://us4.shb-sync.com/a760a5a7-e35e-49b8-9f5e-723455346741.gif?puid=d6831260-f000-1b40-7326-ad918a98bcb6&gdpr=&gdpr_consent=ccpa=:0
[    -669ms] [ERROR] Failed to load resource: net::ERR_NAME_NOT_RESOLVED @ https://cs.iqzone.com/6f0476ca45e1d6b67e3ee8d57532a022.gif?redir=https%3A%2F%2Fsync.cootlogix.com%2Fapi%2Fcookie%3FpartnerId%3Diqzone%26gdpr%3D%26gdpr_consent%3D%26us_privacy%3D%26userId%3D%5BUID%5D&gdpr=&gdpr_consent=&ccpa=:0
[    -617ms] [ERROR] Failed to load resource: net::ERR_NAME_NOT_RESOLVED @ https://cs.iqzone.com/6f0476ca45e1d6b67e3ee8d57532a022.gif?redir=https%3A%2F%2Fsync.cootlogix.com%2Fapi%2Fcookie%3FpartnerId%3Diqzone%26gdpr%3D%26gdpr_consent%3D%26us_privacy%3D%26userId%3D%5BUID%5D&gdpr=&gdpr_consent=&ccpa=:0
[    -456ms] [ERROR] Failed to load resource: the server responded with a status of 404 (Not Found) @ https://us4.shb-sync.com/a760a5a7-e35e-49b8-9f5e-723455346741.gif?puid=d6831260-f000-1b40-7326-ad918a98bcb6&gdpr=&gdpr_consent=ccpa=:0
[    -367ms] [ERROR] Failed to load resource: net::ERR_NAME_NOT_RESOLVED @ https://cs.iqzone.com/6f0476ca45e1d6b67e3ee8d57532a022.gif?redir=https%3A%2F%2Fsync.cootlogix.com%2Fapi%2Fcookie%3FpartnerId%3Diqzone%26gdpr%3D%26gdpr_consent%3D%26us_privacy%3D%26userId%3D%5BUID%5D&gdpr=&gdpr_consent=&ccpa=:0
[    -321ms] [ERROR] Failed to load resource: net::ERR_NAME_NOT_RESOLVED @ https://cs.iqzone.com/6f0476ca45e1d6b67e3ee8d57532a022.gif?redir=https%3A%2F%2Fsync.cootlogix.com%2Fapi%2Fcookie%3FpartnerId%3Diqzone%26gdpr%3D%26gdpr_consent%3D%26us_privacy%3D%26userId%3D%5BUID%5D&gdpr=&gdpr_consent=&ccpa=:0
[    -239ms] [ERROR] Failed to load resource: the server responded with a status of 404 (Not Found) @ https://us4.shb-sync.com/a760a5a7-e35e-49b8-9f5e-723455346741.gif?puid=d6831260-f000-1b40-7326-ad918a98bcb6&gdpr=&gdpr_consent=ccpa=:0
[     -28ms] [ERROR] Failed to load resource: the server responded with a status of 404 (Not Found) @ https://us4.shb-sync.com/a760a5a7-e35e-49b8-9f5e-723455346741.gif?puid=d6831260-f000-1b40-7326-ad918a98bcb6&gdpr=&gdpr_consent=ccpa=:0
[     157ms] [ERROR] Failed to load resource: net::ERR_NAME_NOT_RESOLVED @ https://cs.iqzone.com/6f0476ca45e1d6b67e3ee8d57532a022.gif?redir=https%3A%2F%2Fsync.cootlogix.com%2Fapi%2Fcookie%3FpartnerId%3Diqzone%26gdpr%3D%26gdpr_consent%3D%26us_privacy%3D%26userId%3D%5BUID%5D&gdpr=&gdpr_consent=&ccpa=:0
[     188ms] [ERROR] Failed to load resource: the server responded with a status of 404 (Not Found) @ https://us4.shb-sync.com/a760a5a7-e35e-49b8-9f5e-723455346741.gif?puid=d6831260-f000-1b40-7326-ad918a98bcb6&gdpr=&gdpr_consent=ccpa=:0
[     348ms] [ERROR] Failed to load resource: net::ERR_NAME_NOT_RESOLVED @ https://cs.iqzone.com/6f0476ca45e1d6b67e3ee8d57532a022.gif?redir=https%3A%2F%2Fsync.cootlogix.com%2Fapi%2Fcookie%3FpartnerId%3Diqzone%26gdpr%3D%26gdpr_consent%3D%26us_privacy%3D%26userId%3D%5BUID%5D&gdpr=&gdpr_consent=&ccpa=:0
[     397ms] [ERROR] Failed to load resource: the server responded with a status of 404 (Not Found) @ https://us4.shb-sync.com/a760a5a7-e35e-49b8-9f5e-723455346741.gif?puid=d6831260-f000-1b40-7326-ad918a98bcb6&gdpr=&gdpr_consent=ccpa=:0
[     533ms] [ERROR] Failed to load resource: net::ERR_NAME_NOT_RESOLVED @ https://cs.iqzone.com/6f0476ca45e1d6b67e3ee8d57532a022.gif?redir=https%3A%2F%2Fsync.cootlogix.com%2Fapi%2Fcookie%3FpartnerId%3Diqzone%26gdpr%3D%26gdpr_consent%3D%26us_privacy%3D%26userId%3D%5BUID%5D&gdpr=&gdpr_consent=&ccpa=:0
[     617ms] [ERROR] Failed to load resource: the server responded with a status of 404 (Not Found) @ https://us4.shb-sync.com/a760a5a7-e35e-49b8-9f5e-723455346741.gif?puid=d6831260-f000-1b40-7326-ad918a98bcb6&gdpr=&gdpr_consent=ccpa=:0
[     710ms] [ERROR] Failed to load resource: net::ERR_NAME_NOT_RESOLVED @ https://cs.iqzone.com/6f0476ca45e1d6b67e3ee8d57532a022.gif?redir=https%3A%2F%2Fsync.cootlogix.com%2Fapi%2Fcookie%3FpartnerId%3Diqzone%26gdpr%3D%26gdpr_consent%3D%26us_privacy%3D%26userId%3D%5BUID%5D&gdpr=&gdpr_consent=&ccpa=:0
[     832ms] [ERROR] Failed to load resource: the server responded with a status of 404 (Not Found) @ https://us4.shb-sync.com/a760a5a7-e35e-49b8-9f5e-723455346741.gif?puid=d6831260-f000-1b40-7326-ad918a98bcb6&gdpr=&gdpr_consent=ccpa=:0
[     938ms] [ERROR] Failed to load resource: the server responded with a status of 404 () @ https://ittpx.eskimi.com/sync?sp_id=181&gdpr=${GDPR}&gdpr_consent=${GDPR_CONSENT}&us_privacy=${US_PRIVACY}&dest=https%3A%2F%2Fsync.adtech.ink%2Fpsync%3Ft%3Dd%26e%3D350%26u%3D%24%7BUSER_ID%7D%26clp%3DaHR0cHM6Ly9zeW5jLmNvb3Rsb2dpeC5jb20vYXBpL2Nvb2tpZT9wYXJ0bmVySWQ9YWRpc29udHYmdXNlcklkPSVVU0VSX0lEJSZnZHByPSZnZHByX2NvbnNlbnQ9JnVzX3ByaXZhY3k9:0
[     962ms] [ERROR] Failed to load resource: net::ERR_NAME_NOT_RESOLVED @ https://visitor-safari.omnitagjs.com/visitor/bsync?uid=d18a3e2f66cd92d3dd8b543f28c4a5cb&name=beop&url=https%3A%2F%2Fsync.adtech.ink%2Fpsync%3Ft%3Dd%26e%3D204%26u%3DPARTNER_USER_ID%26clp%3DaHR0cHM6Ly9zeW5jLmNvb3Rsb2dpeC5jb20vYXBpL2Nvb2tpZT9wYXJ0bmVySWQ9YWRpc29udHYmdXNlcklkPSVVU0VSX0lEJSZnZHByPSZnZHByX2NvbnNlbnQ9JnVzX3ByaXZhY3k9:0
[    1396ms] [ERROR] Failed to load resource: the server responded with a status of 404 (Not Found) @ https://us4.shb-sync.com/a760a5a7-e35e-49b8-9f5e-723455346741.gif?puid=d6831260-f000-1b40-7326-ad918a98bcb6&gdpr=&gdpr_consent=ccpa=:0
[    1396ms] [ERROR] Failed to load resource: the server responded with a status of 404 (Not Found) @ https://us4.shb-sync.com/a760a5a7-e35e-49b8-9f5e-723455346741.gif?puid=d6831260-f000-1b40-7326-ad918a98bcb6&gdpr=&gdpr_consent=ccpa=:0
[   -2254ms] [ERROR] Failed to load resource: net::ERR_NAME_NOT_RESOLVED @ https://cs.iqzone.com/6f0476ca45e1d6b67e3ee8d57532a022.gif?redir=https%3A%2F%2Fsync.cootlogix.com%2Fapi%2Fcookie%3FpartnerId%3Diqzone%26gdpr%3D%26gdpr_consent%3D%26us_privacy%3D%26userId%3D%5BUID%5D&gdpr=&gdpr_consent=&ccpa=:0
[   -1986ms] [ERROR] Failed to load resource: net::ERR_NAME_NOT_RESOLVED @ https://cs.iqzone.com/6f0476ca45e1d6b67e3ee8d57532a022.gif?redir=https%3A%2F%2Fsync.cootlogix.com%2Fapi%2Fcookie%3FpartnerId%3Diqzone%26gdpr%3D%26gdpr_consent%3D%26us_privacy%3D%26userId%3D%5BUID%5D&gdpr=&gdpr_consent=&ccpa=:0
[   -1945ms] [ERROR] Failed to load resource: net::ERR_NAME_NOT_RESOLVED @ https://cs.iqzone.com/6f0476ca45e1d6b67e3ee8d57532a022.gif?redir=https%3A%2F%2Fsync.cootlogix.com%2Fapi%2Fcookie%3FpartnerId%3Diqzone%26gdpr%3D%26gdpr_consent%3D%26us_privacy%3D%26userId%3D%5BUID%5D&gdpr=&gdpr_consent=&ccpa=:0
[   -1748ms] [ERROR] Failed to load resource: net::ERR_NAME_NOT_RESOLVED @ https://cs.iqzone.com/6f0476ca45e1d6b67e3ee8d57532a022.gif?redir=https%3A%2F%2Fsync.cootlogix.com%2Fapi%2Fcookie%3FpartnerId%3Diqzone%26gdpr%3D%26gdpr_consent%3D%26us_privacy%3D%26userId%3D%5BUID%5D&gdpr=&gdpr_consent=&ccpa=:0
[   -1478ms] [ERROR] Failed to load resource: net::ERR_NAME_NOT_RESOLVED @ https://cs.iqzone.com/6f0476ca45e1d6b67e3ee8d57532a022.gif?redir=https%3A%2F%2Fsync.cootlogix.com%2Fapi%2Fcookie%3FpartnerId%3Diqzone%26gdpr%3D%26gdpr_consent%3D%26us_privacy%3D%26userId%3D%5BUID%5D&gdpr=&gdpr_consent=&ccpa=:0
[   -1419ms] [ERROR] Failed to load resource: net::ERR_NAME_NOT_RESOLVED @ https://cs.iqzone.com/6f0476ca45e1d6b67e3ee8d57532a022.gif?redir=https%3A%2F%2Fsync.cootlogix.com%2Fapi%2Fcookie%3FpartnerId%3Diqzone%26gdpr%3D%26gdpr_consent%3D%26us_privacy%3D%26userId%3D%5BUID%5D&gdpr=&gdpr_consent=&ccpa=:0
[    -882ms] [ERROR] Failed to load resource: the server responded with a status of 404 (Not Found) @ https://us4.shb-sync.com/a760a5a7-e35e-49b8-9f5e-723455346741.gif?puid=d6831260-f000-1b40-7326-ad918a98bcb6&gdpr=&gdpr_consent=ccpa=:0
[    -711ms] [ERROR] Failed to load resource: net::ERR_NAME_NOT_RESOLVED @ https://cs.iqzone.com/6f0476ca45e1d6b67e3ee8d57532a022.gif?redir=https%3A%2F%2Fsync.cootlogix.com%2Fapi%2Fcookie%3FpartnerId%3Diqzone%26gdpr%3D%26gdpr_consent%3D%26us_privacy%3D%26userId%3D%5BUID%5D&gdpr=&gdpr_consent=&ccpa=:0
[    -670ms] [ERROR] Failed to load resource: the server responded with a status of 404 (Not Found) @ https://us4.shb-sync.com/a760a5a7-e35e-49b8-9f5e-723455346741.gif?puid=d6831260-f000-1b40-7326-ad918a98bcb6&gdpr=&gdpr_consent=ccpa=:0
[    -669ms] [ERROR] Failed to load resource: net::ERR_NAME_NOT_RESOLVED @ https://cs.iqzone.com/6f0476ca45e1d6b67e3ee8d57532a022.gif?redir=https%3A%2F%2Fsync.cootlogix.com%2Fapi%2Fcookie%3FpartnerId%3Diqzone%26gdpr%3D%26gdpr_consent%3D%26us_privacy%3D%26userId%3D%5BUID%5D&gdpr=&gdpr_consent=&ccpa=:0
[    -617ms] [ERROR] Failed to load resource: net::ERR_NAME_NOT_RESOLVED @ https://cs.iqzone.com/6f0476ca45e1d6b67e3ee8d57532a022.gif?redir=https%3A%2F%2Fsync.cootlogix.com%2Fapi%2Fcookie%3FpartnerId%3Diqzone%26gdpr%3D%26gdpr_consent%3D%26us_privacy%3D%26userId%3D%5BUID%5D&gdpr=&gdpr_consent=&ccpa=:0
[    -456ms] [ERROR] Failed to load resource: the server responded with a status of 404 (Not Found) @ https://us4.shb-sync.com/a760a5a7-e35e-49b8-9f5e-723455346741.gif?puid=d6831260-f000-1b40-7326-ad918a98bcb6&gdpr=&gdpr_consent=ccpa=:0
[    -367ms] [ERROR] Failed to load resource: net::ERR_NAME_NOT_RESOLVED @ https://cs.iqzone.com/6f0476ca45e1d6b67e3ee8d57532a022.gif?redir=https%3A%2F%2Fsync.cootlogix.com%2Fapi%2Fcookie%3FpartnerId%3Diqzone%26gdpr%3D%26gdpr_consent%3D%26us_privacy%3D%26userId%3D%5BUID%5D&gdpr=&gdpr_consent=&ccpa=:0
[    -321ms] [ERROR] Failed to load resource: net::ERR_NAME_NOT_RESOLVED @ https://cs.iqzone.com/6f0476ca45e1d6b67e3ee8d57532a022.gif?redir=https%3A%2F%2Fsync.cootlogix.com%2Fapi%2Fcookie%3FpartnerId%3Diqzone%26gdpr%3D%26gdpr_consent%3D%26us_privacy%3D%26userId%3D%5BUID%5D&gdpr=&gdpr_consent=&ccpa=:0
[    -239ms] [ERROR] Failed to load resource: the server responded with a status of 404 (Not Found) @ https://us4.shb-sync.com/a760a5a7-e35e-49b8-9f5e-723455346741.gif?puid=d6831260-f000-1b40-7326-ad918a98bcb6&gdpr=&gdpr_consent=ccpa=:0
[     -28ms] [ERROR] Failed to load resource: the server responded with a status of 404 (Not Found) @ https://us4.shb-sync.com/a760a5a7-e35e-49b8-9f5e-723455346741.gif?puid=d6831260-f000-1b40-7326-ad918a98bcb6&gdpr=&gdpr_consent=ccpa=:0
[     157ms] [ERROR] Failed to load resource: net::ERR_NAME_NOT_RESOLVED @ https://cs.iqzone.com/6f0476ca45e1d6b67e3ee8d57532a022.gif?redir=https%3A%2F%2Fsync.cootlogix.com%2Fapi%2Fcookie%3FpartnerId%3Diqzone%26gdpr%3D%26gdpr_consent%3D%26us_privacy%3D%26userId%3D%5BUID%5D&gdpr=&gdpr_consent=&ccpa=:0
[     188ms] [ERROR] Failed to load resource: the server responded with a status of 404 (Not Found) @ https://us4.shb-sync.com/a760a5a7-e35e-49b8-9f5e-723455346741.gif?puid=d6831260-f000-1b40-7326-ad918a98bcb6&gdpr=&gdpr_consent=ccpa=:0
[     348ms] [ERROR] Failed to load resource: net::ERR_NAME_NOT_RESOLVED @ https://cs.iqzone.com/6f0476ca45e1d6b67e3ee8d57532a022.gif?redir=https%3A%2F%2Fsync.cootlogix.com%2Fapi%2Fcookie%3FpartnerId%3Diqzone%26gdpr%3D%26gdpr_consent%3D%26us_privacy%3D%26userId%3D%5BUID%5D&gdpr=&gdpr_consent=&ccpa=:0
[     397ms] [ERROR] Failed to load resource: the server responded with a status of 404 (Not Found) @ https://us4.shb-sync.com/a760a5a7-e35e-49b8-9f5e-723455346741.gif?puid=d6831260-f000-1b40-7326-ad918a98bcb6&gdpr=&gdpr_consent=ccpa=:0
[     533ms] [ERROR] Failed to load resource: net::ERR_NAME_NOT_RESOLVED @ https://cs.iqzone.com/6f0476ca45e1d6b67e3ee8d57532a022.gif?redir=https%3A%2F%2Fsync.cootlogix.com%2Fapi%2Fcookie%3FpartnerId%3Diqzone%26gdpr%3D%26gdpr_consent%3D%26us_privacy%3D%26userId%3D%5BUID%5D&gdpr=&gdpr_consent=&ccpa=:0
[     617ms] [ERROR] Failed to load resource: the server responded with a status of 404 (Not Found) @ https://us4.shb-sync.com/a760a5a7-e35e-49b8-9f5e-723455346741.gif?puid=d6831260-f000-1b40-7326-ad918a98bcb6&gdpr=&gdpr_consent=ccpa=:0
[     710ms] [ERROR] Failed to load resource: net::ERR_NAME_NOT_RESOLVED @ https://cs.iqzone.com/6f0476ca45e1d6b67e3ee8d57532a022.gif?redir=https%3A%2F%2Fsync.cootlogix.com%2Fapi%2Fcookie%3FpartnerId%3Diqzone%26gdpr%3D%26gdpr_consent%3D%26us_privacy%3D%26userId%3D%5BUID%5D&gdpr=&gdpr_consent=&ccpa=:0
[     832ms] [ERROR] Failed to load resource: the server responded with a status of 404 (Not Found) @ https://us4.shb-sync.com/a760a5a7-e35e-49b8-9f5e-723455346741.gif?puid=d6831260-f000-1b40-7326-ad918a98bcb6&gdpr=&gdpr_consent=ccpa=:0
[     938ms] [ERROR] Failed to load resource: the server responded with a status of 404 () @ https://ittpx.eskimi.com/sync?sp_id=181&gdpr=${GDPR}&gdpr_consent=${GDPR_CONSENT}&us_privacy=${US_PRIVACY}&dest=https%3A%2F%2Fsync.adtech.ink%2Fpsync%3Ft%3Dd%26e%3D350%26u%3D%24%7BUSER_ID%7D%26clp%3DaHR0cHM6Ly9zeW5jLmNvb3Rsb2dpeC5jb20vYXBpL2Nvb2tpZT9wYXJ0bmVySWQ9YWRpc29udHYmdXNlcklkPSVVU0VSX0lEJSZnZHByPSZnZHByX2NvbnNlbnQ9JnVzX3ByaXZhY3k9:0
[     962ms] [ERROR] Failed to load resource: net::ERR_NAME_NOT_RESOLVED @ https://visitor-safari.omnitagjs.com/visitor/bsync?uid=d18a3e2f66cd92d3dd8b543f28c4a5cb&name=beop&url=https%3A%2F%2Fsync.adtech.ink%2Fpsync%3Ft%3Dd%26e%3D204%26u%3DPARTNER_USER_ID%26clp%3DaHR0cHM6Ly9zeW5jLmNvb3Rsb2dpeC5jb20vYXBpL2Nvb2tpZT9wYXJ0bmVySWQ9YWRpc29udHYmdXNlcklkPSVVU0VSX0lEJSZnZHByPSZnZHByX2NvbnNlbnQ9JnVzX3ByaXZhY3k9:0
[    1396ms] [ERROR] Failed to load resource: the server responded with a status of 404 (Not Found) @ https://us4.shb-sync.com/a760a5a7-e35e-49b8-9f5e-723455346741.gif?puid=d6831260-f000-1b40-7326-ad918a98bcb6&gdpr=&gdpr_consent=ccpa=:0
[    1396ms] [ERROR] Failed to load resource: the server responded with a status of 404 (Not Found) @ https://us4.shb-sync.com/a760a5a7-e35e-49b8-9f5e-723455346741.gif?puid=d6831260-f000-1b40-7326-ad918a98bcb6&gdpr=&gdpr_consent=ccpa=:0
[   -2254ms] [ERROR] Failed to load resource: net::ERR_NAME_NOT_RESOLVED @ https://cs.iqzone.com/6f0476ca45e1d6b67e3ee8d57532a022.gif?redir=https%3A%2F%2Fsync.cootlogix.com%2Fapi%2Fcookie%3FpartnerId%3Diqzone%26gdpr%3D%26gdpr_consent%3D%26us_privacy%3D%26userId%3D%5BUID%5D&gdpr=&gdpr_consent=&ccpa=:0
[   -1986ms] [ERROR] Failed to load resource: net::ERR_NAME_NOT_RESOLVED @ https://cs.iqzone.com/6f0476ca45e1d6b67e3ee8d57532a022.gif?redir=https%3A%2F%2Fsync.cootlogix.com%2Fapi%2Fcookie%3FpartnerId%3Diqzone%26gdpr%3D%26gdpr_consent%3D%26us_privacy%3D%26userId%3D%5BUID%5D&gdpr=&gdpr_consent=&ccpa=:0
[   -1945ms] [ERROR] Failed to load resource: net::ERR_NAME_NOT_RESOLVED @ https://cs.iqzone.com/6f0476ca45e1d6b67e3ee8d57532a022.gif?redir=https%3A%2F%2Fsync.cootlogix.com%2Fapi%2Fcookie%3FpartnerId%3Diqzone%26gdpr%3D%26gdpr_consent%3D%26us_privacy%3D%26userId%3D%5BUID%5D&gdpr=&gdpr_consent=&ccpa=:0
[   -1748ms] [ERROR] Failed to load resource: net::ERR_NAME_NOT_RESOLVED @ https://cs.iqzone.com/6f0476ca45e1d6b67e3ee8d57532a022.gif?redir=https%3A%2F%2Fsync.cootlogix.com%2Fapi%2Fcookie%3FpartnerId%3Diqzone%26gdpr%3D%26gdpr_consent%3D%26us_privacy%3D%26userId%3D%5BUID%5D&gdpr=&gdpr_consent=&ccpa=:0
[   -1478ms] [ERROR] Failed to load resource: net::ERR_NAME_NOT_RESOLVED @ https://cs.iqzone.com/6f0476ca45e1d6b67e3ee8d57532a022.gif?redir=https%3A%2F%2Fsync.cootlogix.com%2Fapi%2Fcookie%3FpartnerId%3Diqzone%26gdpr%3D%26gdpr_consent%3D%26us_privacy%3D%26userId%3D%5BUID%5D&gdpr=&gdpr_consent=&ccpa=:0
[   -1419ms] [ERROR] Failed to load resource: net::ERR_NAME_NOT_RESOLVED @ https://cs.iqzone.com/6f0476ca45e1d6b67e3ee8d57532a022.gif?redir=https%3A%2F%2Fsync.cootlogix.com%2Fapi%2Fcookie%3FpartnerId%3Diqzone%26gdpr%3D%26gdpr_consent%3D%26us_privacy%3D%26userId%3D%5BUID%5D&gdpr=&gdpr_consent=&ccpa=:0
[    -882ms] [ERROR] Failed to load resource: the server responded with a status of 404 (Not Found) @ https://us4.shb-sync.com/a760a5a7-e35e-49b8-9f5e-723455346741.gif?puid=d6831260-f000-1b40-7326-ad918a98bcb6&gdpr=&gdpr_consent=ccpa=:0
[    -711ms] [ERROR] Failed to load resource: net::ERR_NAME_NOT_RESOLVED @ https://cs.iqzone.com/6f0476ca45e1d6b67e3ee8d57532a022.gif?redir=https%3A%2F%2Fsync.cootlogix.com%2Fapi%2Fcookie%3FpartnerId%3Diqzone%26gdpr%3D%26gdpr_consent%3D%26us_privacy%3D%26userId%3D%5BUID%5D&gdpr=&gdpr_consent=&ccpa=:0
[    -670ms] [ERROR] Failed to load resource: the server responded with a status of 404 (Not Found) @ https://us4.shb-sync.com/a760a5a7-e35e-49b8-9f5e-723455346741.gif?puid=d6831260-f000-1b40-7326-ad918a98bcb6&gdpr=&gdpr_consent=ccpa=:0
[    -669ms] [ERROR] Failed to load resource: net::ERR_NAME_NOT_RESOLVED @ https://cs.iqzone.com/6f0476ca45e1d6b67e3ee8d57532a022.gif?redir=https%3A%2F%2Fsync.cootlogix.com%2Fapi%2Fcookie%3FpartnerId%3Diqzone%26gdpr%3D%26gdpr_consent%3D%26us_privacy%3D%26userId%3D%5BUID%5D&gdpr=&gdpr_consent=&ccpa=:0
[    -617ms] [ERROR] Failed to load resource: net::ERR_NAME_NOT_RESOLVED @ https://cs.iqzone.com/6f0476ca45e1d6b67e3ee8d57532a022.gif?redir=https%3A%2F%2Fsync.cootlogix.com%2Fapi%2Fcookie%3FpartnerId%3Diqzone%26gdpr%3D%26gdpr_consent%3D%26us_privacy%3D%26userId%3D%5BUID%5D&gdpr=&gdpr_consent=&ccpa=:0
[    -456ms] [ERROR] Failed to load resource: the server responded with a status of 404 (Not Found) @ https://us4.shb-sync.com/a760a5a7-e35e-49b8-9f5e-723455346741.gif?puid=d6831260-f000-1b40-7326-ad918a98bcb6&gdpr=&gdpr_consent=ccpa=:0
[    -367ms] [ERROR] Failed to load resource: net::ERR_NAME_NOT_RESOLVED @ https://cs.iqzone.com/6f0476ca45e1d6b67e3ee8d57532a022.gif?redir=https%3A%2F%2Fsync.cootlogix.com%2Fapi%2Fcookie%3FpartnerId%3Diqzone%26gdpr%3D%26gdpr_consent%3D%26us_privacy%3D%26userId%3D%5BUID%5D&gdpr=&gdpr_consent=&ccpa=:0
[    -321ms] [ERROR] Failed to load resource: net::ERR_NAME_NOT_RESOLVED @ https://cs.iqzone.com/6f0476ca45e1d6b67e3ee8d57532a022.gif?redir=https%3A%2F%2Fsync.cootlogix.com%2Fapi%2Fcookie%3FpartnerId%3Diqzone%26gdpr%3D%26gdpr_consent%3D%26us_privacy%3D%26userId%3D%5BUID%5D&gdpr=&gdpr_consent=&ccpa=:0
[    -239ms] [ERROR] Failed to load resource: the server responded with a status of 404 (Not Found) @ https://us4.shb-sync.com/a760a5a7-e35e-49b8-9f5e-723455346741.gif?puid=d6831260-f000-1b40-7326-ad918a98bcb6&gdpr=&gdpr_consent=ccpa=:0
[     -28ms] [ERROR] Failed to load resource: the server responded with a status of 404 (Not Found) @ https://us4.shb-sync.com/a760a5a7-e35e-49b8-9f5e-723455346741.gif?puid=d6831260-f000-1b40-7326-ad918a98bcb6&gdpr=&gdpr_consent=ccpa=:0
[     157ms] [ERROR] Failed to load resource: net::ERR_NAME_NOT_RESOLVED @ https://cs.iqzone.com/6f0476ca45e1d6b67e3ee8d57532a022.gif?redir=https%3A%2F%2Fsync.cootlogix.com%2Fapi%2Fcookie%3FpartnerId%3Diqzone%26gdpr%3D%26gdpr_consent%3D%26us_privacy%3D%26userId%3D%5BUID%5D&gdpr=&gdpr_consent=&ccpa=:0
[     188ms] [ERROR] Failed to load resource: the server responded with a status of 404 (Not Found) @ https://us4.shb-sync.com/a760a5a7-e35e-49b8-9f5e-723455346741.gif?puid=d6831260-f000-1b40-7326-ad918a98bcb6&gdpr=&gdpr_consent=ccpa=:0
[     348ms] [ERROR] Failed to load resource: net::ERR_NAME_NOT_RESOLVED @ https://cs.iqzone.com/6f0476ca45e1d6b67e3ee8d57532a022.gif?redir=https%3A%2F%2Fsync.cootlogix.com%2Fapi%2Fcookie%3FpartnerId%3Diqzone%26gdpr%3D%26gdpr_consent%3D%26us_privacy%3D%26userId%3D%5BUID%5D&gdpr=&gdpr_consent=&ccpa=:0
[     397ms] [ERROR] Failed to load resource: the server responded with a status of 404 (Not Found) @ https://us4.shb-sync.com/a760a5a7-e35e-49b8-9f5e-723455346741.gif?puid=d6831260-f000-1b40-7326-ad918a98bcb6&gdpr=&gdpr_consent=ccpa=:0
[     533ms] [ERROR] Failed to load resource: net::ERR_NAME_NOT_RESOLVED @ https://cs.iqzone.com/6f0476ca45e1d6b67e3ee8d57532a022.gif?redir=https%3A%2F%2Fsync.cootlogix.com%2Fapi%2Fcookie%3FpartnerId%3Diqzone%26gdpr%3D%26gdpr_consent%3D%26us_privacy%3D%26userId%3D%5BUID%5D&gdpr=&gdpr_consent=&ccpa=:0
[     617ms] [ERROR] Failed to load resource: the server responded with a status of 404 (Not Found) @ https://us4.shb-sync.com/a760a5a7-e35e-49b8-9f5e-723455346741.gif?puid=d6831260-f000-1b40-7326-ad918a98bcb6&gdpr=&gdpr_consent=ccpa=:0
[     710ms] [ERROR] Failed to load resource: net::ERR_NAME_NOT_RESOLVED @ https://cs.iqzone.com/6f0476ca45e1d6b67e3ee8d57532a022.gif?redir=https%3A%2F%2Fsync.cootlogix.com%2Fapi%2Fcookie%3FpartnerId%3Diqzone%26gdpr%3D%26gdpr_consent%3D%26us_privacy%3D%26userId%3D%5BUID%5D&gdpr=&gdpr_consent=&ccpa=:0
[     832ms] [ERROR] Failed to load resource: the server responded with a status of 404 (Not Found) @ https://us4.shb-sync.com/a760a5a7-e35e-49b8-9f5e-723455346741.gif?puid=d6831260-f000-1b40-7326-ad918a98bcb6&gdpr=&gdpr_consent=ccpa=:0
[     938ms] [ERROR] Failed to load resource: the server responded with a status of 404 () @ https://ittpx.eskimi.com/sync?sp_id=181&gdpr=${GDPR}&gdpr_consent=${GDPR_CONSENT}&us_privacy=${US_PRIVACY}&dest=https%3A%2F%2Fsync.adtech.ink%2Fpsync%3Ft%3Dd%26e%3D350%26u%3D%24%7BUSER_ID%7D%26clp%3DaHR0cHM6Ly9zeW5jLmNvb3Rsb2dpeC5jb20vYXBpL2Nvb2tpZT9wYXJ0bmVySWQ9YWRpc29udHYmdXNlcklkPSVVU0VSX0lEJSZnZHByPSZnZHByX2NvbnNlbnQ9JnVzX3ByaXZhY3k9:0
[     962ms] [ERROR] Failed to load resource: net::ERR_NAME_NOT_RESOLVED @ https://visitor-safari.omnitagjs.com/visitor/bsync?uid=d18a3e2f66cd92d3dd8b543f28c4a5cb&name=beop&url=https%3A%2F%2Fsync.adtech.ink%2Fpsync%3Ft%3Dd%26e%3D204%26u%3DPARTNER_USER_ID%26clp%3DaHR0cHM6Ly9zeW5jLmNvb3Rsb2dpeC5jb20vYXBpL2Nvb2tpZT9wYXJ0bmVySWQ9YWRpc29udHYmdXNlcklkPSVVU0VSX0lEJSZnZHByPSZnZHByX2NvbnNlbnQ9JnVzX3ByaXZhY3k9:0
[    1396ms] [ERROR] Failed to load resource: the server responded with a status of 404 (Not Found) @ https://us4.shb-sync.com/a760a5a7-e35e-49b8-9f5e-723455346741.gif?puid=d6831260-f000-1b40-7326-ad918a98bcb6&gdpr=&gdpr_consent=ccpa=:0
[    1396ms] [ERROR] Failed to load resource: the server responded with a status of 404 (Not Found) @ https://us4.shb-sync.com/a760a5a7-e35e-49b8-9f5e-723455346741.gif?puid=d6831260-f000-1b40-7326-ad918a98bcb6&gdpr=&gdpr_consent=ccpa=:0
[   -2254ms] [ERROR] Failed to load resource: net::ERR_NAME_NOT_RESOLVED @ https://cs.iqzone.com/6f0476ca45e1d6b67e3ee8d57532a022.gif?redir=https%3A%2F%2Fsync.cootlogix.com%2Fapi%2Fcookie%3FpartnerId%3Diqzone%26gdpr%3D%26gdpr_consent%3D%26us_privacy%3D%26userId%3D%5BUID%5D&gdpr=&gdpr_consent=&ccpa=:0
[   -1986ms] [ERROR] Failed to load resource: net::ERR_NAME_NOT_RESOLVED @ https://cs.iqzone.com/6f0476ca45e1d6b67e3ee8d57532a022.gif?redir=https%3A%2F%2Fsync.cootlogix.com%2Fapi%2Fcookie%3FpartnerId%3Diqzone%26gdpr%3D%26gdpr_consent%3D%26us_privacy%3D%26userId%3D%5BUID%5D&gdpr=&gdpr_consent=&ccpa=:0
[   -1945ms] [ERROR] Failed to load resource: net::ERR_NAME_NOT_RESOLVED @ https://cs.iqzone.com/6f0476ca45e1d6b67e3ee8d57532a022.gif?redir=https%3A%2F%2Fsync.cootlogix.com%2Fapi%2Fcookie%3FpartnerId%3Diqzone%26gdpr%3D%26gdpr_consent%3D%26us_privacy%3D%26userId%3D%5BUID%5D&gdpr=&gdpr_consent=&ccpa=:0
[   -1748ms] [ERROR] Failed to load resource: net::ERR_NAME_NOT_RESOLVED @ https://cs.iqzone.com/6f0476ca45e1d6b67e3ee8d57532a022.gif?redir=https%3A%2F%2Fsync.cootlogix.com%2Fapi%2Fcookie%3FpartnerId%3Diqzone%26gdpr%3D%26gdpr_consent%3D%26us_privacy%3D%26userId%3D%5BUID%5D&gdpr=&gdpr_consent=&ccpa=:0
[   -1478ms] [ERROR] Failed to load resource: net::ERR_NAME_NOT_RESOLVED @ https://cs.iqzone.com/6f0476ca45e1d6b67e3ee8d57532a022.gif?redir=https%3A%2F%2Fsync.cootlogix.com%2Fapi%2Fcookie%3FpartnerId%3Diqzone%26gdpr%3D%26gdpr_consent%3D%26us_privacy%3D%26userId%3D%5BUID%5D&gdpr=&gdpr_consent=&ccpa=:0
[   -1419ms] [ERROR] Failed to load resource: net::ERR_NAME_NOT_RESOLVED @ https://cs.iqzone.com/6f0476ca45e1d6b67e3ee8d57532a022.gif?redir=https%3A%2F%2Fsync.cootlogix.com%2Fapi%2Fcookie%3FpartnerId%3Diqzone%26gdpr%3D%26gdpr_consent%3D%26us_privacy%3D%26userId%3D%5BUID%5D&gdpr=&gdpr_consent=&ccpa=:0
[    -882ms] [ERROR] Failed to load resource: the server responded with a status of 404 (Not Found) @ https://us4.shb-sync.com/a760a5a7-e35e-49b8-9f5e-723455346741.gif?puid=d6831260-f000-1b40-7326-ad918a98bcb6&gdpr=&gdpr_consent=ccpa=:0
[    -711ms] [ERROR] Failed to load resource: net::ERR_NAME_NOT_RESOLVED @ https://cs.iqzone.com/6f0476ca45e1d6b67e3ee8d57532a022.gif?redir=https%3A%2F%2Fsync.cootlogix.com%2Fapi%2Fcookie%3FpartnerId%3Diqzone%26gdpr%3D%26gdpr_consent%3D%26us_privacy%3D%26userId%3D%5BUID%5D&gdpr=&gdpr_consent=&ccpa=:0
[    -670ms] [ERROR] Failed to load resource: the server responded with a status of 404 (Not Found) @ https://us4.shb-sync.com/a760a5a7-e35e-49b8-9f5e-723455346741.gif?puid=d6831260-f000-1b40-7326-ad918a98bcb6&gdpr=&gdpr_consent=ccpa=:0
[    -669ms] [ERROR] Failed to load resource: net::ERR_NAME_NOT_RESOLVED @ https://cs.iqzone.com/6f0476ca45e1d6b67e3ee8d57532a022.gif?redir=https%3A%2F%2Fsync.cootlogix.com%2Fapi%2Fcookie%3FpartnerId%3Diqzone%26gdpr%3D%26gdpr_consent%3D%26us_privacy%3D%26userId%3D%5BUID%5D&gdpr=&gdpr_consent=&ccpa=:0
[    -617ms] [ERROR] Failed to load resource: net::ERR_NAME_NOT_RESOLVED @ https://cs.iqzone.com/6f0476ca45e1d6b67e3ee8d57532a022.gif?redir=https%3A%2F%2Fsync.cootlogix.com%2Fapi%2Fcookie%3FpartnerId%3Diqzone%26gdpr%3D%26gdpr_consent%3D%26us_privacy%3D%26userId%3D%5BUID%5D&gdpr=&gdpr_consent=&ccpa=:0
[    -456ms] [ERROR] Failed to load resource: the server responded with a status of 404 (Not Found) @ https://us4.shb-sync.com/a760a5a7-e35e-49b8-9f5e-723455346741.gif?puid=d6831260-f000-1b40-7326-ad918a98bcb6&gdpr=&gdpr_consent=ccpa=:0
[    -367ms] [ERROR] Failed to load resource: net::ERR_NAME_NOT_RESOLVED @ https://cs.iqzone.com/6f0476ca45e1d6b67e3ee8d57532a022.gif?redir=https%3A%2F%2Fsync.cootlogix.com%2Fapi%2Fcookie%3FpartnerId%3Diqzone%26gdpr%3D%26gdpr_consent%3D%26us_privacy%3D%26userId%3D%5BUID%5D&gdpr=&gdpr_consent=&ccpa=:0
[    -321ms] [ERROR] Failed to load resource: net::ERR_NAME_NOT_RESOLVED @ https://cs.iqzone.com/6f0476ca45e1d6b67e3ee8d57532a022.gif?redir=https%3A%2F%2Fsync.cootlogix.com%2Fapi%2Fcookie%3FpartnerId%3Diqzone%26gdpr%3D%26gdpr_consent%3D%26us_privacy%3D%26userId%3D%5BUID%5D&gdpr=&gdpr_consent=&ccpa=:0
[    -239ms] [ERROR] Failed to load resource: the server responded with a status of 404 (Not Found) @ https://us4.shb-sync.com/a760a5a7-e35e-49b8-9f5e-723455346741.gif?puid=d6831260-f000-1b40-7326-ad918a98bcb6&gdpr=&gdpr_consent=ccpa=:0
[     -28ms] [ERROR] Failed to load resource: the server responded with a status of 404 (Not Found) @ https://us4.shb-sync.com/a760a5a7-e35e-49b8-9f5e-723455346741.gif?puid=d6831260-f000-1b40-7326-ad918a98bcb6&gdpr=&gdpr_consent=ccpa=:0
[     157ms] [ERROR] Failed to load resource: net::ERR_NAME_NOT_RESOLVED @ https://cs.iqzone.com/6f0476ca45e1d6b67e3ee8d57532a022.gif?redir=https%3A%2F%2Fsync.cootlogix.com%2Fapi%2Fcookie%3FpartnerId%3Diqzone%26gdpr%3D%26gdpr_consent%3D%26us_privacy%3D%26userId%3D%5BUID%5D&gdpr=&gdpr_consent=&ccpa=:0
[     188ms] [ERROR] Failed to load resource: the server responded with a status of 404 (Not Found) @ https://us4.shb-sync.com/a760a5a7-e35e-49b8-9f5e-723455346741.gif?puid=d6831260-f000-1b40-7326-ad918a98bcb6&gdpr=&gdpr_consent=ccpa=:0
[     348ms] [ERROR] Failed to load resource: net::ERR_NAME_NOT_RESOLVED @ https://cs.iqzone.com/6f0476ca45e1d6b67e3ee8d57532a022.gif?redir=https%3A%2F%2Fsync.cootlogix.com%2Fapi%2Fcookie%3FpartnerId%3Diqzone%26gdpr%3D%26gdpr_consent%3D%26us_privacy%3D%26userId%3D%5BUID%5D&gdpr=&gdpr_consent=&ccpa=:0
[     397ms] [ERROR] Failed to load resource: the server responded with a status of 404 (Not Found) @ https://us4.shb-sync.com/a760a5a7-e35e-49b8-9f5e-723455346741.gif?puid=d6831260-f000-1b40-7326-ad918a98bcb6&gdpr=&gdpr_consent=ccpa=:0
[     533ms] [ERROR] Failed to load resource: net::ERR_NAME_NOT_RESOLVED @ https://cs.iqzone.com/6f0476ca45e1d6b67e3ee8d57532a022.gif?redir=https%3A%2F%2Fsync.cootlogix.com%2Fapi%2Fcookie%3FpartnerId%3Diqzone%26gdpr%3D%26gdpr_consent%3D%26us_privacy%3D%26userId%3D%5BUID%5D&gdpr=&gdpr_consent=&ccpa=:0
[     617ms] [ERROR] Failed to load resource: the server responded with a status of 404 (Not Found) @ https://us4.shb-sync.com/a760a5a7-e35e-49b8-9f5e-723455346741.gif?puid=d6831260-f000-1b40-7326-ad918a98bcb6&gdpr=&gdpr_consent=ccpa=:0
[     710ms] [ERROR] Failed to load resource: net::ERR_NAME_NOT_RESOLVED @ https://cs.iqzone.com/6f0476ca45e1d6b67e3ee8d57532a022.gif?redir=https%3A%2F%2Fsync.cootlogix.com%2Fapi%2Fcookie%3FpartnerId%3Diqzone%26gdpr%3D%26gdpr_consent%3D%26us_privacy%3D%26userId%3D%5BUID%5D&gdpr=&gdpr_consent=&ccpa=:0
[     832ms] [ERROR] Failed to load resource: the server responded with a status of 404 (Not Found) @ https://us4.shb-sync.com/a760a5a7-e35e-49b8-9f5e-723455346741.gif?puid=d6831260-f000-1b40-7326-ad918a98bcb6&gdpr=&gdpr_consent=ccpa=:0
[     938ms] [ERROR] Failed to load resource: the server responded with a status of 404 () @ https://ittpx.eskimi.com/sync?sp_id=181&gdpr=${GDPR}&gdpr_consent=${GDPR_CONSENT}&us_privacy=${US_PRIVACY}&dest=https%3A%2F%2Fsync.adtech.ink%2Fpsync%3Ft%3Dd%26e%3D350%26u%3D%24%7BUSER_ID%7D%26clp%3DaHR0cHM6Ly9zeW5jLmNvb3Rsb2dpeC5jb20vYXBpL2Nvb2tpZT9wYXJ0bmVySWQ9YWRpc29udHYmdXNlcklkPSVVU0VSX0lEJSZnZHByPSZnZHByX2NvbnNlbnQ9JnVzX3ByaXZhY3k9:0
[     962ms] [ERROR] Failed to load resource: net::ERR_NAME_NOT_RESOLVED @ https://visitor-safari.omnitagjs.com/visitor/bsync?uid=d18a3e2f66cd92d3dd8b543f28c4a5cb&name=beop&url=https%3A%2F%2Fsync.adtech.ink%2Fpsync%3Ft%3Dd%26e%3D204%26u%3DPARTNER_USER_ID%26clp%3DaHR0cHM6Ly9zeW5jLmNvb3Rsb2dpeC5jb20vYXBpL2Nvb2tpZT9wYXJ0bmVySWQ9YWRpc29udHYmdXNlcklkPSVVU0VSX0lEJSZnZHByPSZnZHByX2NvbnNlbnQ9JnVzX3ByaXZhY3k9:0
[    1396ms] [ERROR] Failed to load resource: the server responded with a status of 404 (Not Found) @ https://us4.shb-sync.com/a760a5a7-e35e-49b8-9f5e-723455346741.gif?puid=d6831260-f000-1b40-7326-ad918a98bcb6&gdpr=&gdpr_consent=ccpa=:0
[    1396ms] [ERROR] Failed to load resource: the server responded with a status of 404 (Not Found) @ https://us4.shb-sync.com/a760a5a7-e35e-49b8-9f5e-723455346741.gif?puid=d6831260-f000-1b40-7326-ad918a98bcb6&gdpr=&gdpr_consent=ccpa=:0
[   -2254ms] [ERROR] Failed to load resource: net::ERR_NAME_NOT_RESOLVED @ https://cs.iqzone.com/6f0476ca45e1d6b67e3ee8d57532a022.gif?redir=https%3A%2F%2Fsync.cootlogix.com%2Fapi%2Fcookie%3FpartnerId%3Diqzone%26gdpr%3D%26gdpr_consent%3D%26us_privacy%3D%26userId%3D%5BUID%5D&gdpr=&gdpr_consent=&ccpa=:0
[   -1986ms] [ERROR] Failed to load resource: net::ERR_NAME_NOT_RESOLVED @ https://cs.iqzone.com/6f0476ca45e1d6b67e3ee8d57532a022.gif?redir=https%3A%2F%2Fsync.cootlogix.com%2Fapi%2Fcookie%3FpartnerId%3Diqzone%26gdpr%3D%26gdpr_consent%3D%26us_privacy%3D%26userId%3D%5BUID%5D&gdpr=&gdpr_consent=&ccpa=:0
[   -1945ms] [ERROR] Failed to load resource: net::ERR_NAME_NOT_RESOLVED @ https://cs.iqzone.com/6f0476ca45e1d6b67e3ee8d57532a022.gif?redir=https%3A%2F%2Fsync.cootlogix.com%2Fapi%2Fcookie%3FpartnerId%3Diqzone%26gdpr%3D%26gdpr_consent%3D%26us_privacy%3D%26userId%3D%5BUID%5D&gdpr=&gdpr_consent=&ccpa=:0
[   -1748ms] [ERROR] Failed to load resource: net::ERR_NAME_NOT_RESOLVED @ https://cs.iqzone.com/6f0476ca45e1d6b67e3ee8d57532a022.gif?redir=https%3A%2F%2Fsync.cootlogix.com%2Fapi%2Fcookie%3FpartnerId%3Diqzone%26gdpr%3D%26gdpr_consent%3D%26us_privacy%3D%26userId%3D%5BUID%5D&gdpr=&gdpr_consent=&ccpa=:0
[   -1478ms] [ERROR] Failed to load resource: net::ERR_NAME_NOT_RESOLVED @ https://cs.iqzone.com/6f0476ca45e1d6b67e3ee8d57532a022.gif?redir=https%3A%2F%2Fsync.cootlogix.com%2Fapi%2Fcookie%3FpartnerId%3Diqzone%26gdpr%3D%26gdpr_consent%3D%26us_privacy%3D%26userId%3D%5BUID%5D&gdpr=&gdpr_consent=&ccpa=:0
[   -1419ms] [ERROR] Failed to load resource: net::ERR_NAME_NOT_RESOLVED @ https://cs.iqzone.com/6f0476ca45e1d6b67e3ee8d57532a022.gif?redir=https%3A%2F%2Fsync.cootlogix.com%2Fapi%2Fcookie%3FpartnerId%3Diqzone%26gdpr%3D%26gdpr_consent%3D%26us_privacy%3D%26userId%3D%5BUID%5D&gdpr=&gdpr_consent=&ccpa=:0
[    -882ms] [ERROR] Failed to load resource: the server responded with a status of 404 (Not Found) @ https://us4.shb-sync.com/a760a5a7-e35e-49b8-9f5e-723455346741.gif?puid=d6831260-f000-1b40-7326-ad918a98bcb6&gdpr=&gdpr_consent=ccpa=:0
[    -711ms] [ERROR] Failed to load resource: net::ERR_NAME_NOT_RESOLVED @ https://cs.iqzone.com/6f0476ca45e1d6b67e3ee8d57532a022.gif?redir=https%3A%2F%2Fsync.cootlogix.com%2Fapi%2Fcookie%3FpartnerId%3Diqzone%26gdpr%3D%26gdpr_consent%3D%26us_privacy%3D%26userId%3D%5BUID%5D&gdpr=&gdpr_consent=&ccpa=:0
[    -670ms] [ERROR] Failed to load resource: the server responded with a status of 404 (Not Found) @ https://us4.shb-sync.com/a760a5a7-e35e-49b8-9f5e-723455346741.gif?puid=d6831260-f000-1b40-7326-ad918a98bcb6&gdpr=&gdpr_consent=ccpa=:0
[    -669ms] [ERROR] Failed to load resource: net::ERR_NAME_NOT_RESOLVED @ https://cs.iqzone.com/6f0476ca45e1d6b67e3ee8d57532a022.gif?redir=https%3A%2F%2Fsync.cootlogix.com%2Fapi%2Fcookie%3FpartnerId%3Diqzone%26gdpr%3D%26gdpr_consent%3D%26us_privacy%3D%26userId%3D%5BUID%5D&gdpr=&gdpr_consent=&ccpa=:0
[    -617ms] [ERROR] Failed to load resource: net::ERR_NAME_NOT_RESOLVED @ https://cs.iqzone.com/6f0476ca45e1d6b67e3ee8d57532a022.gif?redir=https%3A%2F%2Fsync.cootlogix.com%2Fapi%2Fcookie%3FpartnerId%3Diqzone%26gdpr%3D%26gdpr_consent%3D%26us_privacy%3D%26userId%3D%5BUID%5D&gdpr=&gdpr_consent=&ccpa=:0
[    -456ms] [ERROR] Failed to load resource: the server responded with a status of 404 (Not Found) @ https://us4.shb-sync.com/a760a5a7-e35e-49b8-9f5e-723455346741.gif?puid=d6831260-f000-1b40-7326-ad918a98bcb6&gdpr=&gdpr_consent=ccpa=:0
[    -367ms] [ERROR] Failed to load resource: net::ERR_NAME_NOT_RESOLVED @ https://cs.iqzone.com/6f0476ca45e1d6b67e3ee8d57532a022.gif?redir=https%3A%2F%2Fsync.cootlogix.com%2Fapi%2Fcookie%3FpartnerId%3Diqzone%26gdpr%3D%26gdpr_consent%3D%26us_privacy%3D%26userId%3D%5BUID%5D&gdpr=&gdpr_consent=&ccpa=:0
[    -321ms] [ERROR] Failed to load resource: net::ERR_NAME_NOT_RESOLVED @ https://cs.iqzone.com/6f0476ca45e1d6b67e3ee8d57532a022.gif?redir=https%3A%2F%2Fsync.cootlogix.com%2Fapi%2Fcookie%3FpartnerId%3Diqzone%26gdpr%3D%26gdpr_consent%3D%26us_privacy%3D%26userId%3D%5BUID%5D&gdpr=&gdpr_consent=&ccpa=:0
[    -239ms] [ERROR] Failed to load resource: the server responded with a status of 404 (Not Found) @ https://us4.shb-sync.com/a760a5a7-e35e-49b8-9f5e-723455346741.gif?puid=d6831260-f000-1b40-7326-ad918a98bcb6&gdpr=&gdpr_consent=ccpa=:0
[     -28ms] [ERROR] Failed to load resource: the server responded with a status of 404 (Not Found) @ https://us4.shb-sync.com/a760a5a7-e35e-49b8-9f5e-723455346741.gif?puid=d6831260-f000-1b40-7326-ad918a98bcb6&gdpr=&gdpr_consent=ccpa=:0
[     157ms] [ERROR] Failed to load resource: net::ERR_NAME_NOT_RESOLVED @ https://cs.iqzone.com/6f0476ca45e1d6b67e3ee8d57532a022.gif?redir=https%3A%2F%2Fsync.cootlogix.com%2Fapi%2Fcookie%3FpartnerId%3Diqzone%26gdpr%3D%26gdpr_consent%3D%26us_privacy%3D%26userId%3D%5BUID%5D&gdpr=&gdpr_consent=&ccpa=:0
[     188ms] [ERROR] Failed to load resource: the server responded with a status of 404 (Not Found) @ https://us4.shb-sync.com/a760a5a7-e35e-49b8-9f5e-723455346741.gif?puid=d6831260-f000-1b40-7326-ad918a98bcb6&gdpr=&gdpr_consent=ccpa=:0
[     348ms] [ERROR] Failed to load resource: net::ERR_NAME_NOT_RESOLVED @ https://cs.iqzone.com/6f0476ca45e1d6b67e3ee8d57532a022.gif?redir=https%3A%2F%2Fsync.cootlogix.com%2Fapi%2Fcookie%3FpartnerId%3Diqzone%26gdpr%3D%26gdpr_consent%3D%26us_privacy%3D%26userId%3D%5BUID%5D&gdpr=&gdpr_consent=&ccpa=:0
[     397ms] [ERROR] Failed to load resource: the server responded with a status of 404 (Not Found) @ https://us4.shb-sync.com/a760a5a7-e35e-49b8-9f5e-723455346741.gif?puid=d6831260-f000-1b40-7326-ad918a98bcb6&gdpr=&gdpr_consent=ccpa=:0
[     533ms] [ERROR] Failed to load resource: net::ERR_NAME_NOT_RESOLVED @ https://cs.iqzone.com/6f0476ca45e1d6b67e3ee8d57532a022.gif?redir=https%3A%2F%2Fsync.cootlogix.com%2Fapi%2Fcookie%3FpartnerId%3Diqzone%26gdpr%3D%26gdpr_consent%3D%26us_privacy%3D%26userId%3D%5BUID%5D&gdpr=&gdpr_consent=&ccpa=:0
[     617ms] [ERROR] Failed to load resource: the server responded with a status of 404 (Not Found) @ https://us4.shb-sync.com/a760a5a7-e35e-49b8-9f5e-723455346741.gif?puid=d6831260-f000-1b40-7326-ad918a98bcb6&gdpr=&gdpr_consent=ccpa=:0
[     710ms] [ERROR] Failed to load resource: net::ERR_NAME_NOT_RESOLVED @ https://cs.iqzone.com/6f0476ca45e1d6b67e3ee8d57532a022.gif?redir=https%3A%2F%2Fsync.cootlogix.com%2Fapi%2Fcookie%3FpartnerId%3Diqzone%26gdpr%3D%26gdpr_consent%3D%26us_privacy%3D%26userId%3D%5BUID%5D&gdpr=&gdpr_consent=&ccpa=:0
[     832ms] [ERROR] Failed to load resource: the server responded with a status of 404 (Not Found) @ https://us4.shb-sync.com/a760a5a7-e35e-49b8-9f5e-723455346741.gif?puid=d6831260-f000-1b40-7326-ad918a98bcb6&gdpr=&gdpr_consent=ccpa=:0
[     938ms] [ERROR] Failed to load resource: the server responded with a status of 404 () @ https://ittpx.eskimi.com/sync?sp_id=181&gdpr=${GDPR}&gdpr_consent=${GDPR_CONSENT}&us_privacy=${US_PRIVACY}&dest=https%3A%2F%2Fsync.adtech.ink%2Fpsync%3Ft%3Dd%26e%3D350%26u%3D%24%7BUSER_ID%7D%26clp%3DaHR0cHM6Ly9zeW5jLmNvb3Rsb2dpeC5jb20vYXBpL2Nvb2tpZT9wYXJ0bmVySWQ9YWRpc29udHYmdXNlcklkPSVVU0VSX0lEJSZnZHByPSZnZHByX2NvbnNlbnQ9JnVzX3ByaXZhY3k9:0
[     962ms] [ERROR] Failed to load resource: net::ERR_NAME_NOT_RESOLVED @ https://visitor-safari.omnitagjs.com/visitor/bsync?uid=d18a3e2f66cd92d3dd8b543f28c4a5cb&name=beop&url=https%3A%2F%2Fsync.adtech.ink%2Fpsync%3Ft%3Dd%26e%3D204%26u%3DPARTNER_USER_ID%26clp%3DaHR0cHM6Ly9zeW5jLmNvb3Rsb2dpeC5jb20vYXBpL2Nvb2tpZT9wYXJ0bmVySWQ9YWRpc29udHYmdXNlcklkPSVVU0VSX0lEJSZnZHByPSZnZHByX2NvbnNlbnQ9JnVzX3ByaXZhY3k9:0
[    1396ms] [ERROR] Failed to load resource: the server responded with a status of 404 (Not Found) @ https://us4.shb-sync.com/a760a5a7-e35e-49b8-9f5e-723455346741.gif?puid=d6831260-f000-1b40-7326-ad918a98bcb6&gdpr=&gdpr_consent=ccpa=:0
[    1396ms] [ERROR] Failed to load resource: the server responded with a status of 404 (Not Found) @ https://us4.shb-sync.com/a760a5a7-e35e-49b8-9f5e-723455346741.gif?puid=d6831260-f000-1b40-7326-ad918a98bcb6&gdpr=&gdpr_consent=ccpa=:0
[    1456ms] [ERROR] Failed to load resource: net::ERR_NAME_NOT_RESOLVED @ https://visitor-safari.omnitagjs.com/visitor/bsync?uid=d18a3e2f66cd92d3dd8b543f28c4a5cb&name=beop&url=https%3A%2F%2Fsync.adtech.ink%2Fpsync%3Ft%3Dd%26e%3D204%26u%3DPARTNER_USER_ID%26clp%3DaHR0cHM6Ly9zeW5jLmNvb3Rsb2dpeC5jb20vYXBpL2Nvb2tpZT9wYXJ0bmVySWQ9YWRpc29udHYmdXNlcklkPSVVU0VSX0lEJSZnZHByPSZnZHByX2NvbnNlbnQ9JnVzX3ByaXZhY3k9:0
[    1482ms] [ERROR] Failed to load resource: net::ERR_NAME_NOT_RESOLVED @ https://cs.iqzone.com/6f0476ca45e1d6b67e3ee8d57532a022.gif?redir=https%3A%2F%2Fsync.cootlogix.com%2Fapi%2Fcookie%3FpartnerId%3Diqzone%26gdpr%3D%26gdpr_consent%3D%26us_privacy%3D%26userId%3D%5BUID%5D&gdpr=&gdpr_consent=&ccpa=:0
[    1492ms] [ERROR] Failed to load resource: net::ERR_NAME_NOT_RESOLVED @ https://visitor-safari.omnitagjs.com/visitor/bsync?uid=d18a3e2f66cd92d3dd8b543f28c4a5cb&name=beop&url=https%3A%2F%2Fsync.adtech.ink%2Fpsync%3Ft%3Dd%26e%3D204%26u%3DPARTNER_USER_ID%26clp%3DaHR0cHM6Ly9zeW5jLmNvb3Rsb2dpeC5jb20vYXBpL2Nvb2tpZT9wYXJ0bmVySWQ9YWRpc29udHYmdXNlcklkPSVVU0VSX0lEJSZnZHByPSZnZHByX2NvbnNlbnQ9JnVzX3ByaXZhY3k9:0
[    1529ms] [ERROR] Failed to load resource: net::ERR_NAME_NOT_RESOLVED @ https://cs.iqzone.com/6f0476ca45e1d6b67e3ee8d57532a022.gif?redir=https%3A%2F%2Fsync.cootlogix.com%2Fapi%2Fcookie%3FpartnerId%3Diqzone%26gdpr%3D%26gdpr_consent%3D%26us_privacy%3D%26userId%3D%5BUID%5D&gdpr=&gdpr_consent=&ccpa=:0
[   -2254ms] [ERROR] Failed to load resource: net::ERR_NAME_NOT_RESOLVED @ https://cs.iqzone.com/6f0476ca45e1d6b67e3ee8d57532a022.gif?redir=https%3A%2F%2Fsync.cootlogix.com%2Fapi%2Fcookie%3FpartnerId%3Diqzone%26gdpr%3D%26gdpr_consent%3D%26us_privacy%3D%26userId%3D%5BUID%5D&gdpr=&gdpr_consent=&ccpa=:0
[   -1986ms] [ERROR] Failed to load resource: net::ERR_NAME_NOT_RESOLVED @ https://cs.iqzone.com/6f0476ca45e1d6b67e3ee8d57532a022.gif?redir=https%3A%2F%2Fsync.cootlogix.com%2Fapi%2Fcookie%3FpartnerId%3Diqzone%26gdpr%3D%26gdpr_consent%3D%26us_privacy%3D%26userId%3D%5BUID%5D&gdpr=&gdpr_consent=&ccpa=:0
[   -1945ms] [ERROR] Failed to load resource: net::ERR_NAME_NOT_RESOLVED @ https://cs.iqzone.com/6f0476ca45e1d6b67e3ee8d57532a022.gif?redir=https%3A%2F%2Fsync.cootlogix.com%2Fapi%2Fcookie%3FpartnerId%3Diqzone%26gdpr%3D%26gdpr_consent%3D%26us_privacy%3D%26userId%3D%5BUID%5D&gdpr=&gdpr_consent=&ccpa=:0
[   -1748ms] [ERROR] Failed to load resource: net::ERR_NAME_NOT_RESOLVED @ https://cs.iqzone.com/6f0476ca45e1d6b67e3ee8d57532a022.gif?redir=https%3A%2F%2Fsync.cootlogix.com%2Fapi%2Fcookie%3FpartnerId%3Diqzone%26gdpr%3D%26gdpr_consent%3D%26us_privacy%3D%26userId%3D%5BUID%5D&gdpr=&gdpr_consent=&ccpa=:0
[   -1478ms] [ERROR] Failed to load resource: net::ERR_NAME_NOT_RESOLVED @ https://cs.iqzone.com/6f0476ca45e1d6b67e3ee8d57532a022.gif?redir=https%3A%2F%2Fsync.cootlogix.com%2Fapi%2Fcookie%3FpartnerId%3Diqzone%26gdpr%3D%26gdpr_consent%3D%26us_privacy%3D%26userId%3D%5BUID%5D&gdpr=&gdpr_consent=&ccpa=:0
[   -1419ms] [ERROR] Failed to load resource: net::ERR_NAME_NOT_RESOLVED @ https://cs.iqzone.com/6f0476ca45e1d6b67e3ee8d57532a022.gif?redir=https%3A%2F%2Fsync.cootlogix.com%2Fapi%2Fcookie%3FpartnerId%3Diqzone%26gdpr%3D%26gdpr_consent%3D%26us_privacy%3D%26userId%3D%5BUID%5D&gdpr=&gdpr_consent=&ccpa=:0
[    -882ms] [ERROR] Failed to load resource: the server responded with a status of 404 (Not Found) @ https://us4.shb-sync.com/a760a5a7-e35e-49b8-9f5e-723455346741.gif?puid=d6831260-f000-1b40-7326-ad918a98bcb6&gdpr=&gdpr_consent=ccpa=:0
[    -711ms] [ERROR] Failed to load resource: net::ERR_NAME_NOT_RESOLVED @ https://cs.iqzone.com/6f0476ca45e1d6b67e3ee8d57532a022.gif?redir=https%3A%2F%2Fsync.cootlogix.com%2Fapi%2Fcookie%3FpartnerId%3Diqzone%26gdpr%3D%26gdpr_consent%3D%26us_privacy%3D%26userId%3D%5BUID%5D&gdpr=&gdpr_consent=&ccpa=:0
[    -670ms] [ERROR] Failed to load resource: the server responded with a status of 404 (Not Found) @ https://us4.shb-sync.com/a760a5a7-e35e-49b8-9f5e-723455346741.gif?puid=d6831260-f000-1b40-7326-ad918a98bcb6&gdpr=&gdpr_consent=ccpa=:0
[    -669ms] [ERROR] Failed to load resource: net::ERR_NAME_NOT_RESOLVED @ https://cs.iqzone.com/6f0476ca45e1d6b67e3ee8d57532a022.gif?redir=https%3A%2F%2Fsync.cootlogix.com%2Fapi%2Fcookie%3FpartnerId%3Diqzone%26gdpr%3D%26gdpr_consent%3D%26us_privacy%3D%26userId%3D%5BUID%5D&gdpr=&gdpr_consent=&ccpa=:0
[    -617ms] [ERROR] Failed to load resource: net::ERR_NAME_NOT_RESOLVED @ https://cs.iqzone.com/6f0476ca45e1d6b67e3ee8d57532a022.gif?redir=https%3A%2F%2Fsync.cootlogix.com%2Fapi%2Fcookie%3FpartnerId%3Diqzone%26gdpr%3D%26gdpr_consent%3D%26us_privacy%3D%26userId%3D%5BUID%5D&gdpr=&gdpr_consent=&ccpa=:0
[    -456ms] [ERROR] Failed to load resource: the server responded with a status of 404 (Not Found) @ https://us4.shb-sync.com/a760a5a7-e35e-49b8-9f5e-723455346741.gif?puid=d6831260-f000-1b40-7326-ad918a98bcb6&gdpr=&gdpr_consent=ccpa=:0
[    -367ms] [ERROR] Failed to load resource: net::ERR_NAME_NOT_RESOLVED @ https://cs.iqzone.com/6f0476ca45e1d6b67e3ee8d57532a022.gif?redir=https%3A%2F%2Fsync.cootlogix.com%2Fapi%2Fcookie%3FpartnerId%3Diqzone%26gdpr%3D%26gdpr_consent%3D%26us_privacy%3D%26userId%3D%5BUID%5D&gdpr=&gdpr_consent=&ccpa=:0
[    -321ms] [ERROR] Failed to load resource: net::ERR_NAME_NOT_RESOLVED @ https://cs.iqzone.com/6f0476ca45e1d6b67e3ee8d57532a022.gif?redir=https%3A%2F%2Fsync.cootlogix.com%2Fapi%2Fcookie%3FpartnerId%3Diqzone%26gdpr%3D%26gdpr_consent%3D%26us_privacy%3D%26userId%3D%5BUID%5D&gdpr=&gdpr_consent=&ccpa=:0
[    -239ms] [ERROR] Failed to load resource: the server responded with a status of 404 (Not Found) @ https://us4.shb-sync.com/a760a5a7-e35e-49b8-9f5e-723455346741.gif?puid=d6831260-f000-1b40-7326-ad918a98bcb6&gdpr=&gdpr_consent=ccpa=:0
[     -28ms] [ERROR] Failed to load resource: the server responded with a status of 404 (Not Found) @ https://us4.shb-sync.com/a760a5a7-e35e-49b8-9f5e-723455346741.gif?puid=d6831260-f000-1b40-7326-ad918a98bcb6&gdpr=&gdpr_consent=ccpa=:0
[     157ms] [ERROR] Failed to load resource: net::ERR_NAME_NOT_RESOLVED @ https://cs.iqzone.com/6f0476ca45e1d6b67e3ee8d57532a022.gif?redir=https%3A%2F%2Fsync.cootlogix.com%2Fapi%2Fcookie%3FpartnerId%3Diqzone%26gdpr%3D%26gdpr_consent%3D%26us_privacy%3D%26userId%3D%5BUID%5D&gdpr=&gdpr_consent=&ccpa=:0
[     188ms] [ERROR] Failed to load resource: the server responded with a status of 404 (Not Found) @ https://us4.shb-sync.com/a760a5a7-e35e-49b8-9f5e-723455346741.gif?puid=d6831260-f000-1b40-7326-ad918a98bcb6&gdpr=&gdpr_consent=ccpa=:0
[     348ms] [ERROR] Failed to load resource: net::ERR_NAME_NOT_RESOLVED @ https://cs.iqzone.com/6f0476ca45e1d6b67e3ee8d57532a022.gif?redir=https%3A%2F%2Fsync.cootlogix.com%2Fapi%2Fcookie%3FpartnerId%3Diqzone%26gdpr%3D%26gdpr_consent%3D%26us_privacy%3D%26userId%3D%5BUID%5D&gdpr=&gdpr_consent=&ccpa=:0
[     397ms] [ERROR] Failed to load resource: the server responded with a status of 404 (Not Found) @ https://us4.shb-sync.com/a760a5a7-e35e-49b8-9f5e-723455346741.gif?puid=d6831260-f000-1b40-7326-ad918a98bcb6&gdpr=&gdpr_consent=ccpa=:0
[     533ms] [ERROR] Failed to load resource: net::ERR_NAME_NOT_RESOLVED @ https://cs.iqzone.com/6f0476ca45e1d6b67e3ee8d57532a022.gif?redir=https%3A%2F%2Fsync.cootlogix.com%2Fapi%2Fcookie%3FpartnerId%3Diqzone%26gdpr%3D%26gdpr_consent%3D%26us_privacy%3D%26userId%3D%5BUID%5D&gdpr=&gdpr_consent=&ccpa=:0
[     617ms] [ERROR] Failed to load resource: the server responded with a status of 404 (Not Found) @ https://us4.shb-sync.com/a760a5a7-e35e-49b8-9f5e-723455346741.gif?puid=d6831260-f000-1b40-7326-ad918a98bcb6&gdpr=&gdpr_consent=ccpa=:0
[     710ms] [ERROR] Failed to load resource: net::ERR_NAME_NOT_RESOLVED @ https://cs.iqzone.com/6f0476ca45e1d6b67e3ee8d57532a022.gif?redir=https%3A%2F%2Fsync.cootlogix.com%2Fapi%2Fcookie%3FpartnerId%3Diqzone%26gdpr%3D%26gdpr_consent%3D%26us_privacy%3D%26userId%3D%5BUID%5D&gdpr=&gdpr_consent=&ccpa=:0
[     832ms] [ERROR] Failed to load resource: the server responded with a status of 404 (Not Found) @ https://us4.shb-sync.com/a760a5a7-e35e-49b8-9f5e-723455346741.gif?puid=d6831260-f000-1b40-7326-ad918a98bcb6&gdpr=&gdpr_consent=ccpa=:0
[     938ms] [ERROR] Failed to load resource: the server responded with a status of 404 () @ https://ittpx.eskimi.com/sync?sp_id=181&gdpr=${GDPR}&gdpr_consent=${GDPR_CONSENT}&us_privacy=${US_PRIVACY}&dest=https%3A%2F%2Fsync.adtech.ink%2Fpsync%3Ft%3Dd%26e%3D350%26u%3D%24%7BUSER_ID%7D%26clp%3DaHR0cHM6Ly9zeW5jLmNvb3Rsb2dpeC5jb20vYXBpL2Nvb2tpZT9wYXJ0bmVySWQ9YWRpc29udHYmdXNlcklkPSVVU0VSX0lEJSZnZHByPSZnZHByX2NvbnNlbnQ9JnVzX3ByaXZhY3k9:0
[     962ms] [ERROR] Failed to load resource: net::ERR_NAME_NOT_RESOLVED @ https://visitor-safari.omnitagjs.com/visitor/bsync?uid=d18a3e2f66cd92d3dd8b543f28c4a5cb&name=beop&url=https%3A%2F%2Fsync.adtech.ink%2Fpsync%3Ft%3Dd%26e%3D204%26u%3DPARTNER_USER_ID%26clp%3DaHR0cHM6Ly9zeW5jLmNvb3Rsb2dpeC5jb20vYXBpL2Nvb2tpZT9wYXJ0bmVySWQ9YWRpc29udHYmdXNlcklkPSVVU0VSX0lEJSZnZHByPSZnZHByX2NvbnNlbnQ9JnVzX3ByaXZhY3k9:0
[    1396ms] [ERROR] Failed to load resource: the server responded with a status of 404 (Not Found) @ https://us4.shb-sync.com/a760a5a7-e35e-49b8-9f5e-723455346741.gif?puid=d6831260-f000-1b40-7326-ad918a98bcb6&gdpr=&gdpr_consent=ccpa=:0
[    1396ms] [ERROR] Failed to load resource: the server responded with a status of 404 (Not Found) @ https://us4.shb-sync.com/a760a5a7-e35e-49b8-9f5e-723455346741.gif?puid=d6831260-f000-1b40-7326-ad918a98bcb6&gdpr=&gdpr_consent=ccpa=:0
[    1456ms] [ERROR] Failed to load resource: net::ERR_NAME_NOT_RESOLVED @ https://visitor-safari.omnitagjs.com/visitor/bsync?uid=d18a3e2f66cd92d3dd8b543f28c4a5cb&name=beop&url=https%3A%2F%2Fsync.adtech.ink%2Fpsync%3Ft%3Dd%26e%3D204%26u%3DPARTNER_USER_ID%26clp%3DaHR0cHM6Ly9zeW5jLmNvb3Rsb2dpeC5jb20vYXBpL2Nvb2tpZT9wYXJ0bmVySWQ9YWRpc29udHYmdXNlcklkPSVVU0VSX0lEJSZnZHByPSZnZHByX2NvbnNlbnQ9JnVzX3ByaXZhY3k9:0
[    1482ms] [ERROR] Failed to load resource: net::ERR_NAME_NOT_RESOLVED @ https://cs.iqzone.com/6f0476ca45e1d6b67e3ee8d57532a022.gif?redir=https%3A%2F%2Fsync.cootlogix.com%2Fapi%2Fcookie%3FpartnerId%3Diqzone%26gdpr%3D%26gdpr_consent%3D%26us_privacy%3D%26userId%3D%5BUID%5D&gdpr=&gdpr_consent=&ccpa=:0
[    1492ms] [ERROR] Failed to load resource: net::ERR_NAME_NOT_RESOLVED @ https://visitor-safari.omnitagjs.com/visitor/bsync?uid=d18a3e2f66cd92d3dd8b543f28c4a5cb&name=beop&url=https%3A%2F%2Fsync.adtech.ink%2Fpsync%3Ft%3Dd%26e%3D204%26u%3DPARTNER_USER_ID%26clp%3DaHR0cHM6Ly9zeW5jLmNvb3Rsb2dpeC5jb20vYXBpL2Nvb2tpZT9wYXJ0bmVySWQ9YWRpc29udHYmdXNlcklkPSVVU0VSX0lEJSZnZHByPSZnZHByX2NvbnNlbnQ9JnVzX3ByaXZhY3k9:0
[    1529ms] [ERROR] Failed to load resource: net::ERR_NAME_NOT_RESOLVED @ https://cs.iqzone.com/6f0476ca45e1d6b67e3ee8d57532a022.gif?redir=https%3A%2F%2Fsync.cootlogix.com%2Fapi%2Fcookie%3FpartnerId%3Diqzone%26gdpr%3D%26gdpr_consent%3D%26us_privacy%3D%26userId%3D%5BUID%5D&gdpr=&gdpr_consent=&ccpa=:0
[    1572ms] [ERROR] Failed to load resource: net::ERR_NAME_NOT_RESOLVED @ https://cs.iqzone.com/6f0476ca45e1d6b67e3ee8d57532a022.gif?redir=https%3A%2F%2Fsync.cootlogix.com%2Fapi%2Fcookie%3FpartnerId%3Diqzone%26gdpr%3D%26gdpr_consent%3D%26us_privacy%3D%26userId%3D%5BUID%5D&gdpr=&gdpr_consent=&ccpa=:0
[    1648ms] [ERROR] Failed to load resource: the server responded with a status of 404 (Not Found) @ https://us4.shb-sync.com/a760a5a7-e35e-49b8-9f5e-723455346741.gif?puid=d6831260-f000-1b40-7326-ad918a98bcb6&gdpr=&gdpr_consent=ccpa=:0
[   -2254ms] [ERROR] Failed to load resource: net::ERR_NAME_NOT_RESOLVED @ https://cs.iqzone.com/6f0476ca45e1d6b67e3ee8d57532a022.gif?redir=https%3A%2F%2Fsync.cootlogix.com%2Fapi%2Fcookie%3FpartnerId%3Diqzone%26gdpr%3D%26gdpr_consent%3D%26us_privacy%3D%26userId%3D%5BUID%5D&gdpr=&gdpr_consent=&ccpa=:0
[   -1986ms] [ERROR] Failed to load resource: net::ERR_NAME_NOT_RESOLVED @ https://cs.iqzone.com/6f0476ca45e1d6b67e3ee8d57532a022.gif?redir=https%3A%2F%2Fsync.cootlogix.com%2Fapi%2Fcookie%3FpartnerId%3Diqzone%26gdpr%3D%26gdpr_consent%3D%26us_privacy%3D%26userId%3D%5BUID%5D&gdpr=&gdpr_consent=&ccpa=:0
[   -1945ms] [ERROR] Failed to load resource: net::ERR_NAME_NOT_RESOLVED @ https://cs.iqzone.com/6f0476ca45e1d6b67e3ee8d57532a022.gif?redir=https%3A%2F%2Fsync.cootlogix.com%2Fapi%2Fcookie%3FpartnerId%3Diqzone%26gdpr%3D%26gdpr_consent%3D%26us_privacy%3D%26userId%3D%5BUID%5D&gdpr=&gdpr_consent=&ccpa=:0
[   -1748ms] [ERROR] Failed to load resource: net::ERR_NAME_NOT_RESOLVED @ https://cs.iqzone.com/6f0476ca45e1d6b67e3ee8d57532a022.gif?redir=https%3A%2F%2Fsync.cootlogix.com%2Fapi%2Fcookie%3FpartnerId%3Diqzone%26gdpr%3D%26gdpr_consent%3D%26us_privacy%3D%26userId%3D%5BUID%5D&gdpr=&gdpr_consent=&ccpa=:0
[   -1478ms] [ERROR] Failed to load resource: net::ERR_NAME_NOT_RESOLVED @ https://cs.iqzone.com/6f0476ca45e1d6b67e3ee8d57532a022.gif?redir=https%3A%2F%2Fsync.cootlogix.com%2Fapi%2Fcookie%3FpartnerId%3Diqzone%26gdpr%3D%26gdpr_consent%3D%26us_privacy%3D%26userId%3D%5BUID%5D&gdpr=&gdpr_consent=&ccpa=:0
[   -1419ms] [ERROR] Failed to load resource: net::ERR_NAME_NOT_RESOLVED @ https://cs.iqzone.com/6f0476ca45e1d6b67e3ee8d57532a022.gif?redir=https%3A%2F%2Fsync.cootlogix.com%2Fapi%2Fcookie%3FpartnerId%3Diqzone%26gdpr%3D%26gdpr_consent%3D%26us_privacy%3D%26userId%3D%5BUID%5D&gdpr=&gdpr_consent=&ccpa=:0
[    -882ms] [ERROR] Failed to load resource: the server responded with a status of 404 (Not Found) @ https://us4.shb-sync.com/a760a5a7-e35e-49b8-9f5e-723455346741.gif?puid=d6831260-f000-1b40-7326-ad918a98bcb6&gdpr=&gdpr_consent=ccpa=:0
[    -711ms] [ERROR] Failed to load resource: net::ERR_NAME_NOT_RESOLVED @ https://cs.iqzone.com/6f0476ca45e1d6b67e3ee8d57532a022.gif?redir=https%3A%2F%2Fsync.cootlogix.com%2Fapi%2Fcookie%3FpartnerId%3Diqzone%26gdpr%3D%26gdpr_consent%3D%26us_privacy%3D%26userId%3D%5BUID%5D&gdpr=&gdpr_consent=&ccpa=:0
[    -670ms] [ERROR] Failed to load resource: the server responded with a status of 404 (Not Found) @ https://us4.shb-sync.com/a760a5a7-e35e-49b8-9f5e-723455346741.gif?puid=d6831260-f000-1b40-7326-ad918a98bcb6&gdpr=&gdpr_consent=ccpa=:0
[    -669ms] [ERROR] Failed to load resource: net::ERR_NAME_NOT_RESOLVED @ https://cs.iqzone.com/6f0476ca45e1d6b67e3ee8d57532a022.gif?redir=https%3A%2F%2Fsync.cootlogix.com%2Fapi%2Fcookie%3FpartnerId%3Diqzone%26gdpr%3D%26gdpr_consent%3D%26us_privacy%3D%26userId%3D%5BUID%5D&gdpr=&gdpr_consent=&ccpa=:0
[    -617ms] [ERROR] Failed to load resource: net::ERR_NAME_NOT_RESOLVED @ https://cs.iqzone.com/6f0476ca45e1d6b67e3ee8d57532a022.gif?redir=https%3A%2F%2Fsync.cootlogix.com%2Fapi%2Fcookie%3FpartnerId%3Diqzone%26gdpr%3D%26gdpr_consent%3D%26us_privacy%3D%26userId%3D%5BUID%5D&gdpr=&gdpr_consent=&ccpa=:0
[    -456ms] [ERROR] Failed to load resource: the server responded with a status of 404 (Not Found) @ https://us4.shb-sync.com/a760a5a7-e35e-49b8-9f5e-723455346741.gif?puid=d6831260-f000-1b40-7326-ad918a98bcb6&gdpr=&gdpr_consent=ccpa=:0
[    -367ms] [ERROR] Failed to load resource: net::ERR_NAME_NOT_RESOLVED @ https://cs.iqzone.com/6f0476ca45e1d6b67e3ee8d57532a022.gif?redir=https%3A%2F%2Fsync.cootlogix.com%2Fapi%2Fcookie%3FpartnerId%3Diqzone%26gdpr%3D%26gdpr_consent%3D%26us_privacy%3D%26userId%3D%5BUID%5D&gdpr=&gdpr_consent=&ccpa=:0
[    -321ms] [ERROR] Failed to load resource: net::ERR_NAME_NOT_RESOLVED @ https://cs.iqzone.com/6f0476ca45e1d6b67e3ee8d57532a022.gif?redir=https%3A%2F%2Fsync.cootlogix.com%2Fapi%2Fcookie%3FpartnerId%3Diqzone%26gdpr%3D%26gdpr_consent%3D%26us_privacy%3D%26userId%3D%5BUID%5D&gdpr=&gdpr_consent=&ccpa=:0
[    -239ms] [ERROR] Failed to load resource: the server responded with a status of 404 (Not Found) @ https://us4.shb-sync.com/a760a5a7-e35e-49b8-9f5e-723455346741.gif?puid=d6831260-f000-1b40-7326-ad918a98bcb6&gdpr=&gdpr_consent=ccpa=:0
[     -28ms] [ERROR] Failed to load resource: the server responded with a status of 404 (Not Found) @ https://us4.shb-sync.com/a760a5a7-e35e-49b8-9f5e-723455346741.gif?puid=d6831260-f000-1b40-7326-ad918a98bcb6&gdpr=&gdpr_consent=ccpa=:0
[     157ms] [ERROR] Failed to load resource: net::ERR_NAME_NOT_RESOLVED @ https://cs.iqzone.com/6f0476ca45e1d6b67e3ee8d57532a022.gif?redir=https%3A%2F%2Fsync.cootlogix.com%2Fapi%2Fcookie%3FpartnerId%3Diqzone%26gdpr%3D%26gdpr_consent%3D%26us_privacy%3D%26userId%3D%5BUID%5D&gdpr=&gdpr_consent=&ccpa=:0
[     188ms] [ERROR] Failed to load resource: the server responded with a status of 404 (Not Found) @ https://us4.shb-sync.com/a760a5a7-e35e-49b8-9f5e-723455346741.gif?puid=d6831260-f000-1b40-7326-ad918a98bcb6&gdpr=&gdpr_consent=ccpa=:0
[     348ms] [ERROR] Failed to load resource: net::ERR_NAME_NOT_RESOLVED @ https://cs.iqzone.com/6f0476ca45e1d6b67e3ee8d57532a022.gif?redir=https%3A%2F%2Fsync.cootlogix.com%2Fapi%2Fcookie%3FpartnerId%3Diqzone%26gdpr%3D%26gdpr_consent%3D%26us_privacy%3D%26userId%3D%5BUID%5D&gdpr=&gdpr_consent=&ccpa=:0
[     397ms] [ERROR] Failed to load resource: the server responded with a status of 404 (Not Found) @ https://us4.shb-sync.com/a760a5a7-e35e-49b8-9f5e-723455346741.gif?puid=d6831260-f000-1b40-7326-ad918a98bcb6&gdpr=&gdpr_consent=ccpa=:0
[     533ms] [ERROR] Failed to load resource: net::ERR_NAME_NOT_RESOLVED @ https://cs.iqzone.com/6f0476ca45e1d6b67e3ee8d57532a022.gif?redir=https%3A%2F%2Fsync.cootlogix.com%2Fapi%2Fcookie%3FpartnerId%3Diqzone%26gdpr%3D%26gdpr_consent%3D%26us_privacy%3D%26userId%3D%5BUID%5D&gdpr=&gdpr_consent=&ccpa=:0
[     617ms] [ERROR] Failed to load resource: the server responded with a status of 404 (Not Found) @ https://us4.shb-sync.com/a760a5a7-e35e-49b8-9f5e-723455346741.gif?puid=d6831260-f000-1b40-7326-ad918a98bcb6&gdpr=&gdpr_consent=ccpa=:0
[     710ms] [ERROR] Failed to load resource: net::ERR_NAME_NOT_RESOLVED @ https://cs.iqzone.com/6f0476ca45e1d6b67e3ee8d57532a022.gif?redir=https%3A%2F%2Fsync.cootlogix.com%2Fapi%2Fcookie%3FpartnerId%3Diqzone%26gdpr%3D%26gdpr_consent%3D%26us_privacy%3D%26userId%3D%5BUID%5D&gdpr=&gdpr_consent=&ccpa=:0
[     832ms] [ERROR] Failed to load resource: the server responded with a status of 404 (Not Found) @ https://us4.shb-sync.com/a760a5a7-e35e-49b8-9f5e-723455346741.gif?puid=d6831260-f000-1b40-7326-ad918a98bcb6&gdpr=&gdpr_consent=ccpa=:0
[     938ms] [ERROR] Failed to load resource: the server responded with a status of 404 () @ https://ittpx.eskimi.com/sync?sp_id=181&gdpr=${GDPR}&gdpr_consent=${GDPR_CONSENT}&us_privacy=${US_PRIVACY}&dest=https%3A%2F%2Fsync.adtech.ink%2Fpsync%3Ft%3Dd%26e%3D350%26u%3D%24%7BUSER_ID%7D%26clp%3DaHR0cHM6Ly9zeW5jLmNvb3Rsb2dpeC5jb20vYXBpL2Nvb2tpZT9wYXJ0bmVySWQ9YWRpc29udHYmdXNlcklkPSVVU0VSX0lEJSZnZHByPSZnZHByX2NvbnNlbnQ9JnVzX3ByaXZhY3k9:0
[     962ms] [ERROR] Failed to load resource: net::ERR_NAME_NOT_RESOLVED @ https://visitor-safari.omnitagjs.com/visitor/bsync?uid=d18a3e2f66cd92d3dd8b543f28c4a5cb&name=beop&url=https%3A%2F%2Fsync.adtech.ink%2Fpsync%3Ft%3Dd%26e%3D204%26u%3DPARTNER_USER_ID%26clp%3DaHR0cHM6Ly9zeW5jLmNvb3Rsb2dpeC5jb20vYXBpL2Nvb2tpZT9wYXJ0bmVySWQ9YWRpc29udHYmdXNlcklkPSVVU0VSX0lEJSZnZHByPSZnZHByX2NvbnNlbnQ9JnVzX3ByaXZhY3k9:0
[    1396ms] [ERROR] Failed to load resource: the server responded with a status of 404 (Not Found) @ https://us4.shb-sync.com/a760a5a7-e35e-49b8-9f5e-723455346741.gif?puid=d6831260-f000-1b40-7326-ad918a98bcb6&gdpr=&gdpr_consent=ccpa=:0
[    1396ms] [ERROR] Failed to load resource: the server responded with a status of 404 (Not Found) @ https://us4.shb-sync.com/a760a5a7-e35e-49b8-9f5e-723455346741.gif?puid=d6831260-f000-1b40-7326-ad918a98bcb6&gdpr=&gdpr_consent=ccpa=:0
[    1456ms] [ERROR] Failed to load resource: net::ERR_NAME_NOT_RESOLVED @ https://visitor-safari.omnitagjs.com/visitor/bsync?uid=d18a3e2f66cd92d3dd8b543f28c4a5cb&name=beop&url=https%3A%2F%2Fsync.adtech.ink%2Fpsync%3Ft%3Dd%26e%3D204%26u%3DPARTNER_USER_ID%26clp%3DaHR0cHM6Ly9zeW5jLmNvb3Rsb2dpeC5jb20vYXBpL2Nvb2tpZT9wYXJ0bmVySWQ9YWRpc29udHYmdXNlcklkPSVVU0VSX0lEJSZnZHByPSZnZHByX2NvbnNlbnQ9JnVzX3ByaXZhY3k9:0
[    1482ms] [ERROR] Failed to load resource: net::ERR_NAME_NOT_RESOLVED @ https://cs.iqzone.com/6f0476ca45e1d6b67e3ee8d57532a022.gif?redir=https%3A%2F%2Fsync.cootlogix.com%2Fapi%2Fcookie%3FpartnerId%3Diqzone%26gdpr%3D%26gdpr_consent%3D%26us_privacy%3D%26userId%3D%5BUID%5D&gdpr=&gdpr_consent=&ccpa=:0
[    1492ms] [ERROR] Failed to load resource: net::ERR_NAME_NOT_RESOLVED @ https://visitor-safari.omnitagjs.com/visitor/bsync?uid=d18a3e2f66cd92d3dd8b543f28c4a5cb&name=beop&url=https%3A%2F%2Fsync.adtech.ink%2Fpsync%3Ft%3Dd%26e%3D204%26u%3DPARTNER_USER_ID%26clp%3DaHR0cHM6Ly9zeW5jLmNvb3Rsb2dpeC5jb20vYXBpL2Nvb2tpZT9wYXJ0bmVySWQ9YWRpc29udHYmdXNlcklkPSVVU0VSX0lEJSZnZHByPSZnZHByX2NvbnNlbnQ9JnVzX3ByaXZhY3k9:0
[    1529ms] [ERROR] Failed to load resource: net::ERR_NAME_NOT_RESOLVED @ https://cs.iqzone.com/6f0476ca45e1d6b67e3ee8d57532a022.gif?redir=https%3A%2F%2Fsync.cootlogix.com%2Fapi%2Fcookie%3FpartnerId%3Diqzone%26gdpr%3D%26gdpr_consent%3D%26us_privacy%3D%26userId%3D%5BUID%5D&gdpr=&gdpr_consent=&ccpa=:0
[    1572ms] [ERROR] Failed to load resource: net::ERR_NAME_NOT_RESOLVED @ https://cs.iqzone.com/6f0476ca45e1d6b67e3ee8d57532a022.gif?redir=https%3A%2F%2Fsync.cootlogix.com%2Fapi%2Fcookie%3FpartnerId%3Diqzone%26gdpr%3D%26gdpr_consent%3D%26us_privacy%3D%26userId%3D%5BUID%5D&gdpr=&gdpr_consent=&ccpa=:0
[    1648ms] [ERROR] Failed to load resource: the server responded with a status of 404 (Not Found) @ https://us4.shb-sync.com/a760a5a7-e35e-49b8-9f5e-723455346741.gif?puid=d6831260-f000-1b40-7326-ad918a98bcb6&gdpr=&gdpr_consent=ccpa=:0
[    1728ms] [ERROR] Failed to load resource: net::ERR_NAME_NOT_RESOLVED @ https://visitor-taipeidigitalvideo.omnitagjs.com/visitor/bsync?uid=109981e35ee6e5a3cd5ef6913b074ed9&name=gen01&url=https%3A%2F%2Fsync.adtech.ink%2Fpsync%3Ft%3Dd%26e%3D113%26u%3DPARTNER_USER_ID%26clp%3DaHR0cHM6Ly9zeW5jLmNvb3Rsb2dpeC5jb20vYXBpL2Nvb2tpZT9wYXJ0bmVySWQ9YWRpc29udHYmdXNlcklkPSVVU0VSX0lEJSZnZHByPSZnZHByX2NvbnNlbnQ9JnVzX3ByaXZhY3k9:0
[    1743ms] [ERROR] Failed to load resource: the server responded with a status of 404 () @ https://cs.admanmedia.com/94fd017f496d404a25fc5546f959bf2f.gif?gdpr=&gdpr_consent=&us_privacy=&redir=https%3A%2F%2Fsync.kueezrtb.com%2Fapi%2Fcookie%3FpartnerId%3Dkueez-acuity%26gdpr%3D%26gdpr_consent%3D%26us_privacy%3D%26userId%3D%5BUID%5D:0
[  -74817ms] [ERROR] Failed to load resource: the server responded with a status of 424 (Failed Dependency) @ https://t.adx.opera.com/pub/sync?pubid=pub10101531197440&gdpr=1&gdpr_consent=:0
[   -3242ms] [ERROR] Failed to load resource: the server responded with a status of 424 (Failed Dependency) @ https://t.adx.opera.com/pub/sync?pubid=pub10101531197440&gdpr=1&gdpr_consent=:0
[   -2913ms] [ERROR] Failed to load resource: the server responded with a status of 424 (Failed Dependency) @ https://t.adx.opera.com/pub/sync?pubid=pub10101531197440&gdpr=1&gdpr_consent=:0
[    1061ms] [ERROR] Failed to load resource: the server responded with a status of 424 (Failed Dependency) @ https://t.adx.opera.com/pub/sync?pubid=pub10101531197440&gdpr=1&gdpr_consent=:0
[    1809ms] [ERROR] Connecting to 'https://www.google.com.tw/ads/ga-audiences?v=1&t=sr&slf_rd=1&_r=4&tid=G-YD9K1W9DLN&cid=287877506.1780507222&gtm=45je6620v9194195370za200zd9194195370&rcb=7&aip=1&dma=0&gcs=G1-1&gcd=13l3r3r3r5l1&npa=0&frm=0&tag_exp=0~115938465~115938468~118228214~119027222&z=1426874209' violates the following Content Security Policy directive: "connect-src 'self' wss://*.finance.yahoo.com/ https://*.cdn.yimg.com https://*.oath.com https://*.yahoo.com https://*.yahoo.net https://api.alyavista.com https://api.privacy-center.org https://bam.nr-data.net/ https://dpm.demdex.net/ https://guce.yahoofinance.com https://oathmembershipsupport.my.salesforce-sites.com/ https://oathmembershipsupport.my.salesforce.com/ https://s.yimg.com https://sdk.privacy-center.org/f5623e34-377a-419c-8bb7-3928cebffbc9/ https://smetrics.att.com/ https://files.quartr.com/streams/ https://b.trueanthem.com/ https://*.emb-api.com/ https://*.googlesyndication.com https://*.adtrafficquality.google https://*.3lift.com https://*.adsrvr.org https://*.casalemedia.com https://*.clean.gg https://*.criteo.com https://*.indexww.com/ https://*.kueezrtb.com https://*.liadm.com https://*.lijit.com/ https://*.media.net https://*.openx.net https://*.pubmatic.com https://*.rubiconproject.com https://*.seedtag.com https://*.sharethrough.com https://*.sonobi.com https://*.taboola.com https://*.yieldmo.com https://csi.gstatic.com https://pbs-yahoo-apac.ay.delivery https://pbs-yahoo-eu.ay.delivery https://pbs-yahoo-us.ay.delivery https://static.criteo.net https://*.dns-finder.com https://api.rlcdn.com https://*.adnxs.com https://*.google-analytics.com https://*.googletagmanager.com https://*.doubleclick.net https://*.google.com https://*.google.de https://*.google.com.au https://*.google.ca https://*.google.co.uk https://*.google.co.nz https://*.google.com.sg https://*.google.es https://*.google.fr https://*.google.it https://*.google.com.br https://*.google.com.hk https://*.google.co.in". The action has been blocked. @ https://finance.yahoo.com/quote/NVDA/:0
[    1826ms] [WARNING] An iframe which has both allow-scripts and allow-same-origin for its sandbox attribute can escape its sandboxing. @ https://finance.yahoo.com/quote/CL=F/:0
[    1863ms] [WARNING] <link rel=preload> uses an unsupported `as` value @ https://finance.yahoo.com/quote/CL=F/:5
[    1921ms] [WARNING] An iframe which has both allow-scripts and allow-same-origin for its sandbox attribute can escape its sandboxing. @ https://s.yimg.com/aaq/f10d509c/d3lm64ch1c76ug.js:2
[    1923ms] [WARNING] An iframe which has both allow-scripts and allow-same-origin for its sandbox attribute can escape its sandboxing. @ https://s.yimg.com/aaq/f10d509c/d3lm64ch1c76ug.js:2
[    1925ms] [WARNING] An iframe which has both allow-scripts and allow-same-origin for its sandbox attribute can escape its sandboxing. @ https://s.yimg.com/aaq/f10d509c/d3lm64ch1c76ug.js:2
[    2071ms] [WARNING] An iframe which has both allow-scripts and allow-same-origin for its sandbox attribute can escape its sandboxing. @ https://s.yimg.com/aaq/f10d509c/d3lm64ch1c76ug.js:2
[    2096ms] [TIMEEND] GA consent: 181.322021484375 ms @ https://s.yimg.com/ss/analytics-3.78.3.js:0
[    2324ms] [LOG] [FinSearchJS] Search initialized @ https://s.yimg.com/aaq/f10d509c/d3lm64ch1c76ug.js:2
[    2544ms] [WARNING] [GPT] PubAdsService.getTargeting is deprecated, use googletag.getConfig('targeting') instead.
https://goo.gle/gpt-message#200 @ https://s.yimg.com/du/ay/wnsrvbjmeprtfrnfx.js:161
[    2548ms] [WARNING] [GPT] Slot.setSafeFrameConfig is deprecated, use Slot.setConfig({safeFrame: ...}) instead.
https://goo.gle/gpt-message#171 @ https://s.yimg.com/du/ay/wnsrvbjmeprtfrnfx.js:161
[    2724ms] [WARNING] An iframe which has both allow-scripts and allow-same-origin for its sandbox attribute can escape its sandboxing. @ https://s.yimg.com/aaq/f10d509c/d3lm64ch1c76ug.js:2
[    2785ms] [ERROR] Module tracking - element not found: top-banner @ https://s.yimg.com/du/ay/wnsrvbjmeprtfrnfx.js:161
[    2786ms] [ERROR] Module tracking - element not found: top-banner @ https://s.yimg.com/du/ay/wnsrvbjmeprtfrnfx.js:161
[    2786ms] [ERROR] Module tracking - element not found: top-banner-sticky @ https://s.yimg.com/du/ay/wnsrvbjmeprtfrnfx.js:161
[    2786ms] [ERROR] Module tracking - element not found: top-banner-sticky @ https://s.yimg.com/du/ay/wnsrvbjmeprtfrnfx.js:161
[    2786ms] [ERROR] Module tracking - element not found: siphon-overlay @ https://s.yimg.com/du/ay/wnsrvbjmeprtfrnfx.js:161
[    2786ms] [ERROR] Module tracking - element not found: siphon-overlay @ https://s.yimg.com/du/ay/wnsrvbjmeprtfrnfx.js:161
[    2786ms] [ERROR] Module tracking - element not found: dock-rmp @ https://s.yimg.com/du/ay/wnsrvbjmeprtfrnfx.js:161
[    2786ms] [ERROR] Module tracking - element not found: dock-rmp @ https://s.yimg.com/du/ay/wnsrvbjmeprtfrnfx.js:161
[    2786ms] [ERROR] Module tracking - element not found: dock-upsell-rmp-dialog @ https://s.yimg.com/du/ay/wnsrvbjmeprtfrnfx.js:161
[    2786ms] [ERROR] Module tracking - element not found: dock-upsell-rmp-dialog @ https://s.yimg.com/du/ay/wnsrvbjmeprtfrnfx.js:161
[    2786ms] [ERROR] Module tracking - element not found: footer-rmp @ https://s.yimg.com/du/ay/wnsrvbjmeprtfrnfx.js:161
[    2786ms] [ERROR] Module tracking - element not found: footer-rmp @ https://s.yimg.com/du/ay/wnsrvbjmeprtfrnfx.js:161
[    2891ms] [LOG] info financeWebCore {"code":200,"surl":"https://query2.finance.yahoo.com/v1/test/getcrumb"} @ https://s.yimg.com/aaq/f10d509c/d3lm64ch1c76ug.js:2
[    3224ms] [ERROR] Access to fetch at 'https://ads.yieldmo.com/exchange/prebid?pbav=9.53.2&p=%5B%7B%22placement_id%22%3A%22sda-E2E%22%2C%22callback_id%22%3A%2222ea0079f5173d98%22%2C%22sizes%22%3A%5B%5B728%2C90%5D%2C%5B970%2C250%5D%2C%5B970%2C90%5D%5D%2C%22ym_placement_id%22%3A%223492444192758505754%22%2C%22bidFloor%22%3A0.62%2C%22gpid%22%3A%22us_yfin_quote_dt_top_center%22%7D%5D&page_url=https%3A%2F%2Ffinance.yahoo.com%2Fquote%2FCL%3DF%2F&bust=1780507325083&dnt=false&description=Find%20the%20latest%20Crude%20Oil%20Jul%2026%20(CL%3DF)%20stock%20quote%2C%20history%2C%20news%20and%20other%20vital%20information%20to%20help%20you%20with%20your%20stock%20trading%20and%20investing.&tmax=2000&userConsent=%7B%22gdprApplies%22%3A%22%22%2C%22cmp%22%3A%22%22%2C%22gpp%22%3A%22DBAA%22%2C%22gpp_sid%22%3A%5B-1%5D%7D&us_privacy=1---&pr=&scrd=1&title=Crude%20Oil%20Jul%2026%20(CL%3DF)%20Stock%20Price%2C%20News%2C%20Quote%20%26%20History%20-%20Yahoo%20Finance&w=1249&h=1225' from origin 'https://finance.yahoo.com' has been blocked by CORS policy: No 'Access-Control-Allow-Origin' header is present on the requested resource. @ https://finance.yahoo.com/quote/CL=F/:0
[    3224ms] [ERROR] Failed to load resource: net::ERR_FAILED @ https://ads.yieldmo.com/exchange/prebid?pbav=9.53.2&p=%5B%7B%22placement_id%22%3A%22sda-E2E%22%2C%22callback_id%22%3A%2222ea0079f5173d98%22%2C%22sizes%22%3A%5B%5B728%2C90%5D%2C%5B970%2C250%5D%2C%5B970%2C90%5D%5D%2C%22ym_placement_id%22%3A%223492444192758505754%22%2C%22bidFloor%22%3A0.62%2C%22gpid%22%3A%22us_yfin_quote_dt_top_center%22%7D%5D&page_url=https%3A%2F%2Ffinance.yahoo.com%2Fquote%2FCL%3DF%2F&bust=1780507325083&dnt=false&description=Find%20the%20latest%20Crude%20Oil%20Jul%2026%20(CL%3DF)%20stock%20quote%2C%20history%2C%20news%20and%20other%20vital%20information%20to%20help%20you%20with%20your%20stock%20trading%20and%20investing.&tmax=2000&userConsent=%7B%22gdprApplies%22%3A%22%22%2C%22cmp%22%3A%22%22%2C%22gpp%22%3A%22DBAA%22%2C%22gpp_sid%22%3A%5B-1%5D%7D&us_privacy=1---&pr=&scrd=1&title=Crude%20Oil%20Jul%2026%20(CL%3DF)%20Stock%20Price%2C%20News%2C%20Quote%20%26%20History%20-%20Yahoo%20Finance&w=1249&h=1225:0
[    3265ms] [ERROR] Access to fetch at 'https://ads.yieldmo.com/exchange/prebid?pbav=9.53.2&p=%5B%7B%22placement_id%22%3A%22sda-BTM-CENTER%22%2C%22callback_id%22%3A%22783a3f2765903fe8%22%2C%22sizes%22%3A%5B%5B728%2C90%5D%5D%2C%22ym_placement_id%22%3A%223492444192758505754%22%2C%22bidFloor%22%3A0.25%2C%22gpid%22%3A%22us_yfin_quote_dt_btm_center%22%7D%2C%7B%22placement_id%22%3A%22sda-DCKTOP%22%2C%22callback_id%22%3A%2279975b4d0e585858%22%2C%22sizes%22%3A%5B%5B160%2C600%5D%5D%2C%22ym_placement_id%22%3A%223561147904884154938%22%2C%22gpid%22%3A%22us_yfin_quote_dt_top_right_dock%22%7D%2C%7B%22placement_id%22%3A%22sda-DCKMID%22%2C%22callback_id%22%3A%228080fea838c89fb8%22%2C%22sizes%22%3A%5B%5B160%2C600%5D%5D%2C%22ym_placement_id%22%3A%223561147904884154938%22%2C%22gpid%22%3A%22us_yfin_quote_dt_mid_right_dock%22%7D%5D&page_url=https%3A%2F%2Ffinance.yahoo.com%2Fquote%2FCL%3DF%2F&bust=1780507325830&dnt=false&description=Find%20the%20latest%20Crude%20Oil%20Jul%2026%20(CL%3DF)%20stock%20quote%2C%20history%2C%20news%20and%20other%20vital%20information%20to%20help%20you%20with%20your%20stock%20trading%20and%20investing.&tmax=2000&userConsent=%7B%22gdprApplies%22%3A%22%22%2C%22cmp%22%3A%22%22%2C%22gpp%22%3A%22DBAA%22%2C%22gpp_sid%22%3A%5B-1%5D%7D&us_privacy=1---&pr=&scrd=1&title=Crude%20Oil%20Jul%2026%20(CL%3DF)%20Stock%20Price%2C%20News%2C%20Quote%20%26%20History%20-%20Yahoo%20Finance&w=1249&h=1225' from origin 'https://finance.yahoo.com' has been blocked by CORS policy: No 'Access-Control-Allow-Origin' header is present on the requested resource. @ https://finance.yahoo.com/quote/CL=F/:0
[    3265ms] [ERROR] Failed to load resource: net::ERR_FAILED @ https://ads.yieldmo.com/exchange/prebid?pbav=9.53.2&p=%5B%7B%22placement_id%22%3A%22sda-BTM-CENTER%22%2C%22callback_id%22%3A%22783a3f2765903fe8%22%2C%22sizes%22%3A%5B%5B728%2C90%5D%5D%2C%22ym_placement_id%22%3A%223492444192758505754%22%2C%22bidFloor%22%3A0.25%2C%22gpid%22%3A%22us_yfin_quote_dt_btm_center%22%7D%2C%7B%22placement_id%22%3A%22sda-DCKTOP%22%2C%22callback_id%22%3A%2279975b4d0e585858%22%2C%22sizes%22%3A%5B%5B160%2C600%5D%5D%2C%22ym_placement_id%22%3A%223561147904884154938%22%2C%22gpid%22%3A%22us_yfin_quote_dt_top_right_dock%22%7D%2C%7B%22placement_id%22%3A%22sda-DCKMID%22%2C%22callback_id%22%3A%228080fea838c89fb8%22%2C%22sizes%22%3A%5B%5B160%2C600%5D%5D%2C%22ym_placement_id%22%3A%223561147904884154938%22%2C%22gpid%22%3A%22us_yfin_quote_dt_mid_right_dock%22%7D%5D&page_url=https%3A%2F%2Ffinance.yahoo.com%2Fquote%2FCL%3DF%2F&bust=1780507325830&dnt=false&description=Find%20the%20latest%20Crude%20Oil%20Jul%2026%20(CL%3DF)%20stock%20quote%2C%20history%2C%20news%20and%20other%20vital%20information%20to%20help%20you%20with%20your%20stock%20trading%20and%20investing.&tmax=2000&userConsent=%7B%22gdprApplies%22%3A%22%22%2C%22cmp%22%3A%22%22%2C%22gpp%22%3A%22DBAA%22%2C%22gpp_sid%22%3A%5B-1%5D%7D&us_privacy=1---&pr=&scrd=1&title=Crude%20Oil%20Jul%2026%20(CL%3DF)%20Stock%20Price%2C%20News%2C%20Quote%20%26%20History%20-%20Yahoo%20Finance&w=1249&h=1225:0
[    3379ms] [WARNING] adgb - not initialized. @ https://s.yimg.com/du/ay/wnsrvbjmeprtfrnfx.js:161
[    3417ms] [LOG] %cChart%cIQ%c Version: 9.8.0 font-family:sans-serif; font-size:14px; color: white; font-weight: normal; background-color: #feb912; padding: 2px 1px 2px 5px; font-family:sans-serif; font-size:14px; color: white; font-weight: bold; background-color: #feb912; padding: 2px 5px 2px 1px; font-size:12px; font-weight: bold; @ https://s.yimg.com/aaq/f10d509c/d3lm64ch1c76ug.js:2
[    3858ms] [ERROR] Loading the image 'https://csync.loopme.me/?pubid=17106&gdpr=0&gdpr_consent=&us_privacy=1---&gpp_sid=-1&gpp=DBAA&redirect=https%3A%2F%2Fpbs.yahoo.com%2Fsetuid%3Fbidder%3Dloopme%26gdpr%3D0%26gdpr_consent%3D%26gpp%3DDBAA%26gpp_sid%3D-1%26f%3Di%26uid%3D%7Bviewer_token%7D' violates the following Content Security Policy directive: "img-src 'self' data: blob: about: https://*.amazon-adsystem.com https://*.chartbeat.com https://*.chartbeat.net https://*.cloudfront.net/pixel.gif https://*.dotomi.com https://*.wc.yahoodns.net https://*.yahoo.com https://*.yahoo.net https://*.yimg.com https://media.zenfs.com https://o.aolcdn.com/images/dims https://pbs.twimg.com https://pbs-yahoo-us.ay.delivery https://pbs-yahoo-eu.ay.delivery https://pbs-yahoo-apac.ay.delivery https://platform.twitter.com https://public.flourish.studio/resources/ https://res.cloudinary.com/yfc-nonprod/ https://res.cloudinary.com/yfc-production/ https://s2.coinmarketcap.com/static/img/coins/ https://*.cryptoslam.io https://sb.scorecardresearch.com https://smetrics.att.com/b/ss/attnetprod/ https://syndication.twitter.com https://vop-yahoo.akamaized.net/pixel.gif https://www.facebook.com https://cdn.yodlee.com https://news-assets.stockstory.org https://*.googleadservices.com https://*.googlesyndication.com https://*.googletagservices.com https://*.1rx.io https://*.3lift.com https://*.adnxs.com https://*.adsafeprotected.com/ https://*.adsrvr.org https://*.adtrafficquality.google https://*.casalemedia.com https://*.cootlogix.com https://*.creativecdn.com https://*.criteo.com https://*.disqus.com https://*.emxdgt.com https://*.everesttech.net https://*.gumgum.com https://*.indexww.com/ https://*.kargo.com https://*.kueezrtb.com https://*.liadm.com https://*.lijit.com https://*.lijit.com/ https://*.media.net https://*.mediago.io https://*.openx.net https://*.pubmatic.com https://*.rfihub.com https://*.rubiconproject.com https://*.sharethrough.com https://*.sonobi.com https://*.taboola.com https://*.yellowblue.io https://*.yieldmo.com https://*.bidswitch.net https://api-taboola.com https://creativecdn.com https://prebid.a-mo.net https://ad-delivery.net https://*.dns-finder.com https://*.google-analytics.com https://*.googletagmanager.com https://*.doubleclick.net https://*.google.com https://*.google.de https://*.google.com.au https://*.google.ca https://*.google.co.uk https://*.google.co.nz https://*.google.com.sg https://*.google.es https://*.google.fr https://*.google.it https://*.google.com.br https://*.google.com.hk https://*.google.co.in". The action has been blocked. @ https://finance.yahoo.com/quote/CL=F/:0
[    3909ms] [WARNING] VIDEOJS: WARN: videojs.mergeOptions is deprecated and will be removed in 9.0; please use videojs.obj.merge instead. @ https://players.brightcove.net/6415665815001/VSckao7ImZ_default/index.min.js:0
[    4514ms] [ERROR] Attestation check for Shared Storage on https://www.googleadservices.com failed. @ https://www.googleadservices.com/pagead/managed/js/activeview/current/reach_worklet.html:0
[    4533ms] [ERROR] Loading the image 'https://trace.popin.cc/ju/cs/prebid?gdpr=0&gdpr_consent=&us_privacy=1---&redirect=https%3A%2F%2Fpbs.yahoo.com%2Fsetuid%3Fbidder%3Dmediago%26gdpr%3D0%26gdpr_consent%3D%26gpp%3DDBAA%26gpp_sid%3D-1%26f%3Di%26uid%3D%24UID' violates the following Content Security Policy directive: "img-src 'self' data: blob: about: https://*.amazon-adsystem.com https://*.chartbeat.com https://*.chartbeat.net https://*.cloudfront.net/pixel.gif https://*.dotomi.com https://*.wc.yahoodns.net https://*.yahoo.com https://*.yahoo.net https://*.yimg.com https://media.zenfs.com https://o.aolcdn.com/images/dims https://pbs.twimg.com https://pbs-yahoo-us.ay.delivery https://pbs-yahoo-eu.ay.delivery https://pbs-yahoo-apac.ay.delivery https://platform.twitter.com https://public.flourish.studio/resources/ https://res.cloudinary.com/yfc-nonprod/ https://res.cloudinary.com/yfc-production/ https://s2.coinmarketcap.com/static/img/coins/ https://*.cryptoslam.io https://sb.scorecardresearch.com https://smetrics.att.com/b/ss/attnetprod/ https://syndication.twitter.com https://vop-yahoo.akamaized.net/pixel.gif https://www.facebook.com https://cdn.yodlee.com https://news-assets.stockstory.org https://*.googleadservices.com https://*.googlesyndication.com https://*.googletagservices.com https://*.1rx.io https://*.3lift.com https://*.adnxs.com https://*.adsafeprotected.com/ https://*.adsrvr.org https://*.adtrafficquality.google https://*.casalemedia.com https://*.cootlogix.com https://*.creativecdn.com https://*.criteo.com https://*.disqus.com https://*.emxdgt.com https://*.everesttech.net https://*.gumgum.com https://*.indexww.com/ https://*.kargo.com https://*.kueezrtb.com https://*.liadm.com https://*.lijit.com https://*.lijit.com/ https://*.media.net https://*.mediago.io https://*.openx.net https://*.pubmatic.com https://*.rfihub.com https://*.rubiconproject.com https://*.sharethrough.com https://*.sonobi.com https://*.taboola.com https://*.yellowblue.io https://*.yieldmo.com https://*.bidswitch.net https://api-taboola.com https://creativecdn.com https://prebid.a-mo.net https://ad-delivery.net https://*.dns-finder.com https://*.google-analytics.com https://*.googletagmanager.com https://*.doubleclick.net https://*.google.com https://*.google.de https://*.google.com.au https://*.google.ca https://*.google.co.uk https://*.google.co.nz https://*.google.com.sg https://*.google.es https://*.google.fr https://*.google.it https://*.google.com.br https://*.google.com.hk https://*.google.co.in". The action has been blocked. @ https://finance.yahoo.com/quote/CL=F/:0
[    4514ms] [ERROR] Attestation check for Shared Storage on https://www.googleadservices.com failed. @ https://www.googleadservices.com/pagead/managed/js/activeview/current/reach_worklet.html:0
[    4697ms] [ERROR] Attestation check for Shared Storage on https://www.googleadservices.com failed. @ https://www.googleadservices.com/pagead/managed/js/activeview/current/reach_worklet.html:0
[    4734ms] [ERROR] Loading the image 'https://ase1.s.seedtag.com/p/v1/event?id=019e8e81aedb72cf8c18a1b9f0464a1e_1&st=HeaderBidding&e=1780507924&type=bidWon' violates the following Content Security Policy directive: "img-src 'self' data: blob: about: https://*.amazon-adsystem.com https://*.chartbeat.com https://*.chartbeat.net https://*.cloudfront.net/pixel.gif https://*.dotomi.com https://*.wc.yahoodns.net https://*.yahoo.com https://*.yahoo.net https://*.yimg.com https://media.zenfs.com https://o.aolcdn.com/images/dims https://pbs.twimg.com https://pbs-yahoo-us.ay.delivery https://pbs-yahoo-eu.ay.delivery https://pbs-yahoo-apac.ay.delivery https://platform.twitter.com https://public.flourish.studio/resources/ https://res.cloudinary.com/yfc-nonprod/ https://res.cloudinary.com/yfc-production/ https://s2.coinmarketcap.com/static/img/coins/ https://*.cryptoslam.io https://sb.scorecardresearch.com https://smetrics.att.com/b/ss/attnetprod/ https://syndication.twitter.com https://vop-yahoo.akamaized.net/pixel.gif https://www.facebook.com https://cdn.yodlee.com https://news-assets.stockstory.org https://*.googleadservices.com https://*.googlesyndication.com https://*.googletagservices.com https://*.1rx.io https://*.3lift.com https://*.adnxs.com https://*.adsafeprotected.com/ https://*.adsrvr.org https://*.adtrafficquality.google https://*.casalemedia.com https://*.cootlogix.com https://*.creativecdn.com https://*.criteo.com https://*.disqus.com https://*.emxdgt.com https://*.everesttech.net https://*.gumgum.com https://*.indexww.com/ https://*.kargo.com https://*.kueezrtb.com https://*.liadm.com https://*.lijit.com https://*.lijit.com/ https://*.media.net https://*.mediago.io https://*.openx.net https://*.pubmatic.com https://*.rfihub.com https://*.rubiconproject.com https://*.sharethrough.com https://*.sonobi.com https://*.taboola.com https://*.yellowblue.io https://*.yieldmo.com https://*.bidswitch.net https://api-taboola.com https://creativecdn.com https://prebid.a-mo.net https://ad-delivery.net https://*.dns-finder.com https://*.google-analytics.com https://*.googletagmanager.com https://*.doubleclick.net https://*.google.com https://*.google.de https://*.google.com.au https://*.google.ca https://*.google.co.uk https://*.google.co.nz https://*.google.com.sg https://*.google.es https://*.google.fr https://*.google.it https://*.google.com.br https://*.google.com.hk https://*.google.co.in". The action has been blocked. @ https://finance.yahoo.com/quote/CL=F/:0
[    4514ms] [ERROR] Attestation check for Shared Storage on https://www.googleadservices.com failed. @ https://www.googleadservices.com/pagead/managed/js/activeview/current/reach_worklet.html:0
[    4697ms] [ERROR] Attestation check for Shared Storage on https://www.googleadservices.com failed. @ https://www.googleadservices.com/pagead/managed/js/activeview/current/reach_worklet.html:0
[    4766ms] [LOG]  [  0.000s] [studio.sdk]   @ https://s0.2mdn.net/ads/studio/Enabler.js:215
[    4770ms] [LOG] Mengubah: translate3d(0, 0, 0) -> translate(0, 0) @ https://staticcdn.enzymic.co/VzWdpezFbNx9a4v0?c=https%3A%2F%2Fgoogleads.g.doubleclick.net%2Fdbm%2Fclk%3Fsa%3DL%26ai%3DCG7bpvGIgatjkNa6Uid4P65C0wAK1s_S_hwHHzu_W8xX4qb25oEgQASDBgouaAWCf0aEGoAGOq9j9QsgBCakCnBgpzT0ggT6oAwHIA5sEqgSjAk_QpwlUL-AJss0_mNbDh3qUeqLsJKrYdr0DLiIx9_wSeKV-gASubCpFguCidVAOYuAS4DBtPfFXxBo7QOrNI_jky1-OSHxR764mWEkFYgj-MgKJQzDKyg-3rvnVrutg1LdvfjRHJtnrrtRvjnXjl0MTMyvGw7vu5eWCm4ViTVL07hPuRxR5i-CueWPfemhHSVYwK6AVJXtOxmzmbgsOOpCAhnh8RK26zBkuDHg8vvYVd2-zicdzHsNi0IclSv0RD_sbGCDlqT57laX8b38W70tg8xpJPT_UUcvdQCueg8u7VtDC8rMyABqMME63YKYqWg0au26zdFZN411Uw6Ia_HDnIgW_5UTlf-BBA5TCCADY0c3zE686LsxnaIe_zG8SWNFLR8AEr7vb7OcF4AQDiAWYkdbPWJAGAaAGTYAHjuOo3R2oB6fMsQKoB6a-G6gHzM6xAqgH89EbqAeW2BuoB6qbsQKoB47OG6gHk9gbqAfw4BuoB-6WsQKoB_6esQKoB6--sQKoB9XJG6gH2baxAqgHmgaoB_-esQKoB9-fsQKoB_jCsQKoB_vCsQKoB-fXsQLYBwDSCDIIgGEQARgdMgiKgoCAgICACDoPgECAwICAgICIgAKog4AQSL39wTpYgZf51MrrlANgAYAKA5gLAcgLAYAMAaIMCCoGCgSW4rECqg0CVFfiDRMItr351MrrlAMVLkrCBR1rCA0o6g0TCOWF-tTK65QDFS5KwgUdawgNKPANAYgO____________AbAT_YSwItATANgTDdgUAdAVAcoWAgoA-BYBgBcBshcQGAIqCjc0OTkwMjY1MDBQBqoYFwkAAAAAsLP5QBIKNzQ5OTAyNjUwMBgBshgJEgKRVBhNIgEA0BkB%26ae%3D1%26num%3D1%26cid%3DCAQSngIAEQoqgefvLfNdTHmSCCGtVBTq39rhTyxSywbNnmpp7R81GtQvxT0F6vPnqhmWZspYBDp-0sWyvlFomxHfk8uQ65P_hTFBaFD_zJRogM4kK6d9DNaujiXeFav5N8O9QdIgYnd-f-2WRUeTVQf9ToZfHnk4M3ZBA6DxM9UZpkx9HjauSvP7zZQ8YcWgUQb_Ywa7OPxBgXYftmein0FbslJpE10tlQaIUjWBPo3MB3hGC_Zrva5gsIOuWbQpWkbKIVyX0InadRRB3uNihxnwX1CtYHdDVGs_UWbDek9B52J_nl2ymVI4iHTx4AyR5aBOjQiFWLRl3Nv6TghPGJNPQ6tPYAvUgTgs6VOHO5apormkGsDiU0ESmntb6Zlp7RhRGAE%26sig%3DAOD64_2o5ohZGKr2a051__Pg59UcMfLUpw%26client%3Dca-pub-2305304999188653%26dbm_c%3DAKAmf-AjVIMWIhz0crwVMdxKaiR9kCLxVMZE55pUoVDhqAPGSV-4GlE9GH8ES9xrWBAr83i_A8UvNWyM4RnLIQVYVvFrE3GNENMiAm1N0fbEAQnkKyryG2DvHd7TxQ4nJfaetV2nquF9akDFxg4ECsB1_lojrpwkAuAihbrTK7ksDZ_yxOTfvdkD1wZlpNHtHE8qaYehx2qfgYbgP9Azi-5gkiCoMaUCK5f-BNvz9O1R7QCugV3qsnfMy_niSMZkWn3rcNC1MTPrlpS-L9SMcWKMqq-yi_Fd3Leycz9A_U8oJlUyffs1PGo%26cry%3D1%26dbm_d%3DAKAmf-Ce0ZZH6wHgFGPLItshA3xN2sH4Rw6satzQB7i4rynkUDY4PeA44t6z9tydp_qz-3F8oGhDoFkty1_oKAYBen08zYIvhrHBR39oflnF657DUt2TpaEvubFoxme-g6-LXPCI1fYEGmyAmeqtZiqsCByOY4NlWtZM6Jh-Ktczg5Z9bTZffNFD9JNE5V-hROirTFcdHDpBGQFSAQqfFi-xZeaU91c98dNm1giXhH6Mf_KY5UJkuscKuuYKHa33AC3qh-M_Olu-Hedkp14o_mtenddLOC2sdNj5oVD376dIwX2o93osNKCftBWCClBi37bYLqSbd9PT__OkO3UJxQH2j909-rPodT6IoQPSRqIt6TEX0y2-LG0eKMsv4Sxd3OmZPdDsbyMq4dJLj2fUYnQNbHoZXGqD0zN1POHkiiVPo7fgYzqffcj39KwlpfH2F1rPog41dVnSQIINbi4JJ8ejK-9eKuDJT3XzxKomrIqY7YoH7SnznEC6sOKcnu4VTw1QL7l8A8hgNtPa7djHANMKxdmFrzBE1vtto5D0pc801Q2OpZcAxeC9dqICp34JhjDBg4CWz4e_rRgKqQxIv8zKL1jbd-1dZkwilc6Fy4Yei35tyWog8vtdK_fUzhdUib8wsoYr_lKwZnebQcMEBIlhzC5hJ4juUMv9tc4P4OSsuyHydcwBr3BmpnjxCa-rDSecsgofPMC35GLU_E0uZaXDbncD-gG36w%26adurl%3D&cb=1780507324881240&url=https%3A%2F%2Ffinance.yahoo.com%2Fquote%2FCL%3DF%2F&urle=https%3A%2F%2Ffinance.yahoo.com%2Fquote%2FCL%253DF%2F&bundle_id=&line=23789406360&gdpr=0&gdpr_consent=&addtl_consent=&domain=finance.yahoo.com&s=doubleclick:236
[    4770ms] [LOG] Mengubah: translate3d(0, 0, 0) -> translate(0, 0) @ https://staticcdn.enzymic.co/VzWdpezFbNx9a4v0?c=https%3A%2F%2Fgoogleads.g.doubleclick.net%2Fdbm%2Fclk%3Fsa%3DL%26ai%3DCG7bpvGIgatjkNa6Uid4P65C0wAK1s_S_hwHHzu_W8xX4qb25oEgQASDBgouaAWCf0aEGoAGOq9j9QsgBCakCnBgpzT0ggT6oAwHIA5sEqgSjAk_QpwlUL-AJss0_mNbDh3qUeqLsJKrYdr0DLiIx9_wSeKV-gASubCpFguCidVAOYuAS4DBtPfFXxBo7QOrNI_jky1-OSHxR764mWEkFYgj-MgKJQzDKyg-3rvnVrutg1LdvfjRHJtnrrtRvjnXjl0MTMyvGw7vu5eWCm4ViTVL07hPuRxR5i-CueWPfemhHSVYwK6AVJXtOxmzmbgsOOpCAhnh8RK26zBkuDHg8vvYVd2-zicdzHsNi0IclSv0RD_sbGCDlqT57laX8b38W70tg8xpJPT_UUcvdQCueg8u7VtDC8rMyABqMME63YKYqWg0au26zdFZN411Uw6Ia_HDnIgW_5UTlf-BBA5TCCADY0c3zE686LsxnaIe_zG8SWNFLR8AEr7vb7OcF4AQDiAWYkdbPWJAGAaAGTYAHjuOo3R2oB6fMsQKoB6a-G6gHzM6xAqgH89EbqAeW2BuoB6qbsQKoB47OG6gHk9gbqAfw4BuoB-6WsQKoB_6esQKoB6--sQKoB9XJG6gH2baxAqgHmgaoB_-esQKoB9-fsQKoB_jCsQKoB_vCsQKoB-fXsQLYBwDSCDIIgGEQARgdMgiKgoCAgICACDoPgECAwICAgICIgAKog4AQSL39wTpYgZf51MrrlANgAYAKA5gLAcgLAYAMAaIMCCoGCgSW4rECqg0CVFfiDRMItr351MrrlAMVLkrCBR1rCA0o6g0TCOWF-tTK65QDFS5KwgUdawgNKPANAYgO____________AbAT_YSwItATANgTDdgUAdAVAcoWAgoA-BYBgBcBshcQGAIqCjc0OTkwMjY1MDBQBqoYFwkAAAAAsLP5QBIKNzQ5OTAyNjUwMBgBshgJEgKRVBhNIgEA0BkB%26ae%3D1%26num%3D1%26cid%3DCAQSngIAEQoqgefvLfNdTHmSCCGtVBTq39rhTyxSywbNnmpp7R81GtQvxT0F6vPnqhmWZspYBDp-0sWyvlFomxHfk8uQ65P_hTFBaFD_zJRogM4kK6d9DNaujiXeFav5N8O9QdIgYnd-f-2WRUeTVQf9ToZfHnk4M3ZBA6DxM9UZpkx9HjauSvP7zZQ8YcWgUQb_Ywa7OPxBgXYftmein0FbslJpE10tlQaIUjWBPo3MB3hGC_Zrva5gsIOuWbQpWkbKIVyX0InadRRB3uNihxnwX1CtYHdDVGs_UWbDek9B52J_nl2ymVI4iHTx4AyR5aBOjQiFWLRl3Nv6TghPGJNPQ6tPYAvUgTgs6VOHO5apormkGsDiU0ESmntb6Zlp7RhRGAE%26sig%3DAOD64_2o5ohZGKr2a051__Pg59UcMfLUpw%26client%3Dca-pub-2305304999188653%26dbm_c%3DAKAmf-AjVIMWIhz0crwVMdxKaiR9kCLxVMZE55pUoVDhqAPGSV-4GlE9GH8ES9xrWBAr83i_A8UvNWyM4RnLIQVYVvFrE3GNENMiAm1N0fbEAQnkKyryG2DvHd7TxQ4nJfaetV2nquF9akDFxg4ECsB1_lojrpwkAuAihbrTK7ksDZ_yxOTfvdkD1wZlpNHtHE8qaYehx2qfgYbgP9Azi-5gkiCoMaUCK5f-BNvz9O1R7QCugV3qsnfMy_niSMZkWn3rcNC1MTPrlpS-L9SMcWKMqq-yi_Fd3Leycz9A_U8oJlUyffs1PGo%26cry%3D1%26dbm_d%3DAKAmf-Ce0ZZH6wHgFGPLItshA3xN2sH4Rw6satzQB7i4rynkUDY4PeA44t6z9tydp_qz-3F8oGhDoFkty1_oKAYBen08zYIvhrHBR39oflnF657DUt2TpaEvubFoxme-g6-LXPCI1fYEGmyAmeqtZiqsCByOY4NlWtZM6Jh-Ktczg5Z9bTZffNFD9JNE5V-hROirTFcdHDpBGQFSAQqfFi-xZeaU91c98dNm1giXhH6Mf_KY5UJkuscKuuYKHa33AC3qh-M_Olu-Hedkp14o_mtenddLOC2sdNj5oVD376dIwX2o93osNKCftBWCClBi37bYLqSbd9PT__OkO3UJxQH2j909-rPodT6IoQPSRqIt6TEX0y2-LG0eKMsv4Sxd3OmZPdDsbyMq4dJLj2fUYnQNbHoZXGqD0zN1POHkiiVPo7fgYzqffcj39KwlpfH2F1rPog41dVnSQIINbi4JJ8ejK-9eKuDJT3XzxKomrIqY7YoH7SnznEC6sOKcnu4VTw1QL7l8A8hgNtPa7djHANMKxdmFrzBE1vtto5D0pc801Q2OpZcAxeC9dqICp34JhjDBg4CWz4e_rRgKqQxIv8zKL1jbd-1dZkwilc6Fy4Yei35tyWog8vtdK_fUzhdUib8wsoYr_lKwZnebQcMEBIlhzC5hJ4juUMv9tc4P4OSsuyHydcwBr3BmpnjxCa-rDSecsgofPMC35GLU_E0uZaXDbncD-gG36w%26adurl%3D&cb=1780507324881240&url=https%3A%2F%2Ffinance.yahoo.com%2Fquote%2FCL%3DF%2F&urle=https%3A%2F%2Ffinance.yahoo.com%2Fquote%2FCL%253DF%2F&bundle_id=&line=23789406360&gdpr=0&gdpr_consent=&addtl_consent=&domain=finance.yahoo.com&s=doubleclick:236
[    4770ms] [LOG] Mengubah: translate3d(0, 0, 0) -> translate(0, 0) @ https://staticcdn.enzymic.co/VzWdpezFbNx9a4v0?c=https%3A%2F%2Fgoogleads.g.doubleclick.net%2Fdbm%2Fclk%3Fsa%3DL%26ai%3DCG7bpvGIgatjkNa6Uid4P65C0wAK1s_S_hwHHzu_W8xX4qb25oEgQASDBgouaAWCf0aEGoAGOq9j9QsgBCakCnBgpzT0ggT6oAwHIA5sEqgSjAk_QpwlUL-AJss0_mNbDh3qUeqLsJKrYdr0DLiIx9_wSeKV-gASubCpFguCidVAOYuAS4DBtPfFXxBo7QOrNI_jky1-OSHxR764mWEkFYgj-MgKJQzDKyg-3rvnVrutg1LdvfjRHJtnrrtRvjnXjl0MTMyvGw7vu5eWCm4ViTVL07hPuRxR5i-CueWPfemhHSVYwK6AVJXtOxmzmbgsOOpCAhnh8RK26zBkuDHg8vvYVd2-zicdzHsNi0IclSv0RD_sbGCDlqT57laX8b38W70tg8xpJPT_UUcvdQCueg8u7VtDC8rMyABqMME63YKYqWg0au26zdFZN411Uw6Ia_HDnIgW_5UTlf-BBA5TCCADY0c3zE686LsxnaIe_zG8SWNFLR8AEr7vb7OcF4AQDiAWYkdbPWJAGAaAGTYAHjuOo3R2oB6fMsQKoB6a-G6gHzM6xAqgH89EbqAeW2BuoB6qbsQKoB47OG6gHk9gbqAfw4BuoB-6WsQKoB_6esQKoB6--sQKoB9XJG6gH2baxAqgHmgaoB_-esQKoB9-fsQKoB_jCsQKoB_vCsQKoB-fXsQLYBwDSCDIIgGEQARgdMgiKgoCAgICACDoPgECAwICAgICIgAKog4AQSL39wTpYgZf51MrrlANgAYAKA5gLAcgLAYAMAaIMCCoGCgSW4rECqg0CVFfiDRMItr351MrrlAMVLkrCBR1rCA0o6g0TCOWF-tTK65QDFS5KwgUdawgNKPANAYgO____________AbAT_YSwItATANgTDdgUAdAVAcoWAgoA-BYBgBcBshcQGAIqCjc0OTkwMjY1MDBQBqoYFwkAAAAAsLP5QBIKNzQ5OTAyNjUwMBgBshgJEgKRVBhNIgEA0BkB%26ae%3D1%26num%3D1%26cid%3DCAQSngIAEQoqgefvLfNdTHmSCCGtVBTq39rhTyxSywbNnmpp7R81GtQvxT0F6vPnqhmWZspYBDp-0sWyvlFomxHfk8uQ65P_hTFBaFD_zJRogM4kK6d9DNaujiXeFav5N8O9QdIgYnd-f-2WRUeTVQf9ToZfHnk4M3ZBA6DxM9UZpkx9HjauSvP7zZQ8YcWgUQb_Ywa7OPxBgXYftmein0FbslJpE10tlQaIUjWBPo3MB3hGC_Zrva5gsIOuWbQpWkbKIVyX0InadRRB3uNihxnwX1CtYHdDVGs_UWbDek9B52J_nl2ymVI4iHTx4AyR5aBOjQiFWLRl3Nv6TghPGJNPQ6tPYAvUgTgs6VOHO5apormkGsDiU0ESmntb6Zlp7RhRGAE%26sig%3DAOD64_2o5ohZGKr2a051__Pg59UcMfLUpw%26client%3Dca-pub-2305304999188653%26dbm_c%3DAKAmf-AjVIMWIhz0crwVMdxKaiR9kCLxVMZE55pUoVDhqAPGSV-4GlE9GH8ES9xrWBAr83i_A8UvNWyM4RnLIQVYVvFrE3GNENMiAm1N0fbEAQnkKyryG2DvHd7TxQ4nJfaetV2nquF9akDFxg4ECsB1_lojrpwkAuAihbrTK7ksDZ_yxOTfvdkD1wZlpNHtHE8qaYehx2qfgYbgP9Azi-5gkiCoMaUCK5f-BNvz9O1R7QCugV3qsnfMy_niSMZkWn3rcNC1MTPrlpS-L9SMcWKMqq-yi_Fd3Leycz9A_U8oJlUyffs1PGo%26cry%3D1%26dbm_d%3DAKAmf-Ce0ZZH6wHgFGPLItshA3xN2sH4Rw6satzQB7i4rynkUDY4PeA44t6z9tydp_qz-3F8oGhDoFkty1_oKAYBen08zYIvhrHBR39oflnF657DUt2TpaEvubFoxme-g6-LXPCI1fYEGmyAmeqtZiqsCByOY4NlWtZM6Jh-Ktczg5Z9bTZffNFD9JNE5V-hROirTFcdHDpBGQFSAQqfFi-xZeaU91c98dNm1giXhH6Mf_KY5UJkuscKuuYKHa33AC3qh-M_Olu-Hedkp14o_mtenddLOC2sdNj5oVD376dIwX2o93osNKCftBWCClBi37bYLqSbd9PT__OkO3UJxQH2j909-rPodT6IoQPSRqIt6TEX0y2-LG0eKMsv4Sxd3OmZPdDsbyMq4dJLj2fUYnQNbHoZXGqD0zN1POHkiiVPo7fgYzqffcj39KwlpfH2F1rPog41dVnSQIINbi4JJ8ejK-9eKuDJT3XzxKomrIqY7YoH7SnznEC6sOKcnu4VTw1QL7l8A8hgNtPa7djHANMKxdmFrzBE1vtto5D0pc801Q2OpZcAxeC9dqICp34JhjDBg4CWz4e_rRgKqQxIv8zKL1jbd-1dZkwilc6Fy4Yei35tyWog8vtdK_fUzhdUib8wsoYr_lKwZnebQcMEBIlhzC5hJ4juUMv9tc4P4OSsuyHydcwBr3BmpnjxCa-rDSecsgofPMC35GLU_E0uZaXDbncD-gG36w%26adurl%3D&cb=1780507324881240&url=https%3A%2F%2Ffinance.yahoo.com%2Fquote%2FCL%3DF%2F&urle=https%3A%2F%2Ffinance.yahoo.com%2Fquote%2FCL%253DF%2F&bundle_id=&line=23789406360&gdpr=0&gdpr_consent=&addtl_consent=&domain=finance.yahoo.com&s=doubleclick:236
[    4770ms] [LOG] Mengubah: translate3d(0, 0, 0) -> translate(0, 0) @ https://staticcdn.enzymic.co/VzWdpezFbNx9a4v0?c=https%3A%2F%2Fgoogleads.g.doubleclick.net%2Fdbm%2Fclk%3Fsa%3DL%26ai%3DCG7bpvGIgatjkNa6Uid4P65C0wAK1s_S_hwHHzu_W8xX4qb25oEgQASDBgouaAWCf0aEGoAGOq9j9QsgBCakCnBgpzT0ggT6oAwHIA5sEqgSjAk_QpwlUL-AJss0_mNbDh3qUeqLsJKrYdr0DLiIx9_wSeKV-gASubCpFguCidVAOYuAS4DBtPfFXxBo7QOrNI_jky1-OSHxR764mWEkFYgj-MgKJQzDKyg-3rvnVrutg1LdvfjRHJtnrrtRvjnXjl0MTMyvGw7vu5eWCm4ViTVL07hPuRxR5i-CueWPfemhHSVYwK6AVJXtOxmzmbgsOOpCAhnh8RK26zBkuDHg8vvYVd2-zicdzHsNi0IclSv0RD_sbGCDlqT57laX8b38W70tg8xpJPT_UUcvdQCueg8u7VtDC8rMyABqMME63YKYqWg0au26zdFZN411Uw6Ia_HDnIgW_5UTlf-BBA5TCCADY0c3zE686LsxnaIe_zG8SWNFLR8AEr7vb7OcF4AQDiAWYkdbPWJAGAaAGTYAHjuOo3R2oB6fMsQKoB6a-G6gHzM6xAqgH89EbqAeW2BuoB6qbsQKoB47OG6gHk9gbqAfw4BuoB-6WsQKoB_6esQKoB6--sQKoB9XJG6gH2baxAqgHmgaoB_-esQKoB9-fsQKoB_jCsQKoB_vCsQKoB-fXsQLYBwDSCDIIgGEQARgdMgiKgoCAgICACDoPgECAwICAgICIgAKog4AQSL39wTpYgZf51MrrlANgAYAKA5gLAcgLAYAMAaIMCCoGCgSW4rECqg0CVFfiDRMItr351MrrlAMVLkrCBR1rCA0o6g0TCOWF-tTK65QDFS5KwgUdawgNKPANAYgO____________AbAT_YSwItATANgTDdgUAdAVAcoWAgoA-BYBgBcBshcQGAIqCjc0OTkwMjY1MDBQBqoYFwkAAAAAsLP5QBIKNzQ5OTAyNjUwMBgBshgJEgKRVBhNIgEA0BkB%26ae%3D1%26num%3D1%26cid%3DCAQSngIAEQoqgefvLfNdTHmSCCGtVBTq39rhTyxSywbNnmpp7R81GtQvxT0F6vPnqhmWZspYBDp-0sWyvlFomxHfk8uQ65P_hTFBaFD_zJRogM4kK6d9DNaujiXeFav5N8O9QdIgYnd-f-2WRUeTVQf9ToZfHnk4M3ZBA6DxM9UZpkx9HjauSvP7zZQ8YcWgUQb_Ywa7OPxBgXYftmein0FbslJpE10tlQaIUjWBPo3MB3hGC_Zrva5gsIOuWbQpWkbKIVyX0InadRRB3uNihxnwX1CtYHdDVGs_UWbDek9B52J_nl2ymVI4iHTx4AyR5aBOjQiFWLRl3Nv6TghPGJNPQ6tPYAvUgTgs6VOHO5apormkGsDiU0ESmntb6Zlp7RhRGAE%26sig%3DAOD64_2o5ohZGKr2a051__Pg59UcMfLUpw%26client%3Dca-pub-2305304999188653%26dbm_c%3DAKAmf-AjVIMWIhz0crwVMdxKaiR9kCLxVMZE55pUoVDhqAPGSV-4GlE9GH8ES9xrWBAr83i_A8UvNWyM4RnLIQVYVvFrE3GNENMiAm1N0fbEAQnkKyryG2DvHd7TxQ4nJfaetV2nquF9akDFxg4ECsB1_lojrpwkAuAihbrTK7ksDZ_yxOTfvdkD1wZlpNHtHE8qaYehx2qfgYbgP9Azi-5gkiCoMaUCK5f-BNvz9O1R7QCugV3qsnfMy_niSMZkWn3rcNC1MTPrlpS-L9SMcWKMqq-yi_Fd3Leycz9A_U8oJlUyffs1PGo%26cry%3D1%26dbm_d%3DAKAmf-Ce0ZZH6wHgFGPLItshA3xN2sH4Rw6satzQB7i4rynkUDY4PeA44t6z9tydp_qz-3F8oGhDoFkty1_oKAYBen08zYIvhrHBR39oflnF657DUt2TpaEvubFoxme-g6-LXPCI1fYEGmyAmeqtZiqsCByOY4NlWtZM6Jh-Ktczg5Z9bTZffNFD9JNE5V-hROirTFcdHDpBGQFSAQqfFi-xZeaU91c98dNm1giXhH6Mf_KY5UJkuscKuuYKHa33AC3qh-M_Olu-Hedkp14o_mtenddLOC2sdNj5oVD376dIwX2o93osNKCftBWCClBi37bYLqSbd9PT__OkO3UJxQH2j909-rPodT6IoQPSRqIt6TEX0y2-LG0eKMsv4Sxd3OmZPdDsbyMq4dJLj2fUYnQNbHoZXGqD0zN1POHkiiVPo7fgYzqffcj39KwlpfH2F1rPog41dVnSQIINbi4JJ8ejK-9eKuDJT3XzxKomrIqY7YoH7SnznEC6sOKcnu4VTw1QL7l8A8hgNtPa7djHANMKxdmFrzBE1vtto5D0pc801Q2OpZcAxeC9dqICp34JhjDBg4CWz4e_rRgKqQxIv8zKL1jbd-1dZkwilc6Fy4Yei35tyWog8vtdK_fUzhdUib8wsoYr_lKwZnebQcMEBIlhzC5hJ4juUMv9tc4P4OSsuyHydcwBr3BmpnjxCa-rDSecsgofPMC35GLU_E0uZaXDbncD-gG36w%26adurl%3D&cb=1780507324881240&url=https%3A%2F%2Ffinance.yahoo.com%2Fquote%2FCL%3DF%2F&urle=https%3A%2F%2Ffinance.yahoo.com%2Fquote%2FCL%253DF%2F&bundle_id=&line=23789406360&gdpr=0&gdpr_consent=&addtl_consent=&domain=finance.yahoo.com&s=doubleclick:236
[    4770ms] [LOG] Mengubah: translate3d(0, 0, 0) -> translate(0, 0) @ https://staticcdn.enzymic.co/VzWdpezFbNx9a4v0?c=https%3A%2F%2Fgoogleads.g.doubleclick.net%2Fdbm%2Fclk%3Fsa%3DL%26ai%3DCG7bpvGIgatjkNa6Uid4P65C0wAK1s_S_hwHHzu_W8xX4qb25oEgQASDBgouaAWCf0aEGoAGOq9j9QsgBCakCnBgpzT0ggT6oAwHIA5sEqgSjAk_QpwlUL-AJss0_mNbDh3qUeqLsJKrYdr0DLiIx9_wSeKV-gASubCpFguCidVAOYuAS4DBtPfFXxBo7QOrNI_jky1-OSHxR764mWEkFYgj-MgKJQzDKyg-3rvnVrutg1LdvfjRHJtnrrtRvjnXjl0MTMyvGw7vu5eWCm4ViTVL07hPuRxR5i-CueWPfemhHSVYwK6AVJXtOxmzmbgsOOpCAhnh8RK26zBkuDHg8vvYVd2-zicdzHsNi0IclSv0RD_sbGCDlqT57laX8b38W70tg8xpJPT_UUcvdQCueg8u7VtDC8rMyABqMME63YKYqWg0au26zdFZN411Uw6Ia_HDnIgW_5UTlf-BBA5TCCADY0c3zE686LsxnaIe_zG8SWNFLR8AEr7vb7OcF4AQDiAWYkdbPWJAGAaAGTYAHjuOo3R2oB6fMsQKoB6a-G6gHzM6xAqgH89EbqAeW2BuoB6qbsQKoB47OG6gHk9gbqAfw4BuoB-6WsQKoB_6esQKoB6--sQKoB9XJG6gH2baxAqgHmgaoB_-esQKoB9-fsQKoB_jCsQKoB_vCsQKoB-fXsQLYBwDSCDIIgGEQARgdMgiKgoCAgICACDoPgECAwICAgICIgAKog4AQSL39wTpYgZf51MrrlANgAYAKA5gLAcgLAYAMAaIMCCoGCgSW4rECqg0CVFfiDRMItr351MrrlAMVLkrCBR1rCA0o6g0TCOWF-tTK65QDFS5KwgUdawgNKPANAYgO____________AbAT_YSwItATANgTDdgUAdAVAcoWAgoA-BYBgBcBshcQGAIqCjc0OTkwMjY1MDBQBqoYFwkAAAAAsLP5QBIKNzQ5OTAyNjUwMBgBshgJEgKRVBhNIgEA0BkB%26ae%3D1%26num%3D1%26cid%3DCAQSngIAEQoqgefvLfNdTHmSCCGtVBTq39rhTyxSywbNnmpp7R81GtQvxT0F6vPnqhmWZspYBDp-0sWyvlFomxHfk8uQ65P_hTFBaFD_zJRogM4kK6d9DNaujiXeFav5N8O9QdIgYnd-f-2WRUeTVQf9ToZfHnk4M3ZBA6DxM9UZpkx9HjauSvP7zZQ8YcWgUQb_Ywa7OPxBgXYftmein0FbslJpE10tlQaIUjWBPo3MB3hGC_Zrva5gsIOuWbQpWkbKIVyX0InadRRB3uNihxnwX1CtYHdDVGs_UWbDek9B52J_nl2ymVI4iHTx4AyR5aBOjQiFWLRl3Nv6TghPGJNPQ6tPYAvUgTgs6VOHO5apormkGsDiU0ESmntb6Zlp7RhRGAE%26sig%3DAOD64_2o5ohZGKr2a051__Pg59UcMfLUpw%26client%3Dca-pub-2305304999188653%26dbm_c%3DAKAmf-AjVIMWIhz0crwVMdxKaiR9kCLxVMZE55pUoVDhqAPGSV-4GlE9GH8ES9xrWBAr83i_A8UvNWyM4RnLIQVYVvFrE3GNENMiAm1N0fbEAQnkKyryG2DvHd7TxQ4nJfaetV2nquF9akDFxg4ECsB1_lojrpwkAuAihbrTK7ksDZ_yxOTfvdkD1wZlpNHtHE8qaYehx2qfgYbgP9Azi-5gkiCoMaUCK5f-BNvz9O1R7QCugV3qsnfMy_niSMZkWn3rcNC1MTPrlpS-L9SMcWKMqq-yi_Fd3Leycz9A_U8oJlUyffs1PGo%26cry%3D1%26dbm_d%3DAKAmf-Ce0ZZH6wHgFGPLItshA3xN2sH4Rw6satzQB7i4rynkUDY4PeA44t6z9tydp_qz-3F8oGhDoFkty1_oKAYBen08zYIvhrHBR39oflnF657DUt2TpaEvubFoxme-g6-LXPCI1fYEGmyAmeqtZiqsCByOY4NlWtZM6Jh-Ktczg5Z9bTZffNFD9JNE5V-hROirTFcdHDpBGQFSAQqfFi-xZeaU91c98dNm1giXhH6Mf_KY5UJkuscKuuYKHa33AC3qh-M_Olu-Hedkp14o_mtenddLOC2sdNj5oVD376dIwX2o93osNKCftBWCClBi37bYLqSbd9PT__OkO3UJxQH2j909-rPodT6IoQPSRqIt6TEX0y2-LG0eKMsv4Sxd3OmZPdDsbyMq4dJLj2fUYnQNbHoZXGqD0zN1POHkiiVPo7fgYzqffcj39KwlpfH2F1rPog41dVnSQIINbi4JJ8ejK-9eKuDJT3XzxKomrIqY7YoH7SnznEC6sOKcnu4VTw1QL7l8A8hgNtPa7djHANMKxdmFrzBE1vtto5D0pc801Q2OpZcAxeC9dqICp34JhjDBg4CWz4e_rRgKqQxIv8zKL1jbd-1dZkwilc6Fy4Yei35tyWog8vtdK_fUzhdUib8wsoYr_lKwZnebQcMEBIlhzC5hJ4juUMv9tc4P4OSsuyHydcwBr3BmpnjxCa-rDSecsgofPMC35GLU_E0uZaXDbncD-gG36w%26adurl%3D&cb=1780507324881240&url=https%3A%2F%2Ffinance.yahoo.com%2Fquote%2FCL%3DF%2F&urle=https%3A%2F%2Ffinance.yahoo.com%2Fquote%2FCL%253DF%2F&bundle_id=&line=23789406360&gdpr=0&gdpr_consent=&addtl_consent=&domain=finance.yahoo.com&s=doubleclick:236
[    4770ms] [LOG] Mengubah: translate3d(0, 0, 0) -> translate(0, 0) @ https://staticcdn.enzymic.co/VzWdpezFbNx9a4v0?c=https%3A%2F%2Fgoogleads.g.doubleclick.net%2Fdbm%2Fclk%3Fsa%3DL%26ai%3DCG7bpvGIgatjkNa6Uid4P65C0wAK1s_S_hwHHzu_W8xX4qb25oEgQASDBgouaAWCf0aEGoAGOq9j9QsgBCakCnBgpzT0ggT6oAwHIA5sEqgSjAk_QpwlUL-AJss0_mNbDh3qUeqLsJKrYdr0DLiIx9_wSeKV-gASubCpFguCidVAOYuAS4DBtPfFXxBo7QOrNI_jky1-OSHxR764mWEkFYgj-MgKJQzDKyg-3rvnVrutg1LdvfjRHJtnrrtRvjnXjl0MTMyvGw7vu5eWCm4ViTVL07hPuRxR5i-CueWPfemhHSVYwK6AVJXtOxmzmbgsOOpCAhnh8RK26zBkuDHg8vvYVd2-zicdzHsNi0IclSv0RD_sbGCDlqT57laX8b38W70tg8xpJPT_UUcvdQCueg8u7VtDC8rMyABqMME63YKYqWg0au26zdFZN411Uw6Ia_HDnIgW_5UTlf-BBA5TCCADY0c3zE686LsxnaIe_zG8SWNFLR8AEr7vb7OcF4AQDiAWYkdbPWJAGAaAGTYAHjuOo3R2oB6fMsQKoB6a-G6gHzM6xAqgH89EbqAeW2BuoB6qbsQKoB47OG6gHk9gbqAfw4BuoB-6WsQKoB_6esQKoB6--sQKoB9XJG6gH2baxAqgHmgaoB_-esQKoB9-fsQKoB_jCsQKoB_vCsQKoB-fXsQLYBwDSCDIIgGEQARgdMgiKgoCAgICACDoPgECAwICAgICIgAKog4AQSL39wTpYgZf51MrrlANgAYAKA5gLAcgLAYAMAaIMCCoGCgSW4rECqg0CVFfiDRMItr351MrrlAMVLkrCBR1rCA0o6g0TCOWF-tTK65QDFS5KwgUdawgNKPANAYgO____________AbAT_YSwItATANgTDdgUAdAVAcoWAgoA-BYBgBcBshcQGAIqCjc0OTkwMjY1MDBQBqoYFwkAAAAAsLP5QBIKNzQ5OTAyNjUwMBgBshgJEgKRVBhNIgEA0BkB%26ae%3D1%26num%3D1%26cid%3DCAQSngIAEQoqgefvLfNdTHmSCCGtVBTq39rhTyxSywbNnmpp7R81GtQvxT0F6vPnqhmWZspYBDp-0sWyvlFomxHfk8uQ65P_hTFBaFD_zJRogM4kK6d9DNaujiXeFav5N8O9QdIgYnd-f-2WRUeTVQf9ToZfHnk4M3ZBA6DxM9UZpkx9HjauSvP7zZQ8YcWgUQb_Ywa7OPxBgXYftmein0FbslJpE10tlQaIUjWBPo3MB3hGC_Zrva5gsIOuWbQpWkbKIVyX0InadRRB3uNihxnwX1CtYHdDVGs_UWbDek9B52J_nl2ymVI4iHTx4AyR5aBOjQiFWLRl3Nv6TghPGJNPQ6tPYAvUgTgs6VOHO5apormkGsDiU0ESmntb6Zlp7RhRGAE%26sig%3DAOD64_2o5ohZGKr2a051__Pg59UcMfLUpw%26client%3Dca-pub-2305304999188653%26dbm_c%3DAKAmf-AjVIMWIhz0crwVMdxKaiR9kCLxVMZE55pUoVDhqAPGSV-4GlE9GH8ES9xrWBAr83i_A8UvNWyM4RnLIQVYVvFrE3GNENMiAm1N0fbEAQnkKyryG2DvHd7TxQ4nJfaetV2nquF9akDFxg4ECsB1_lojrpwkAuAihbrTK7ksDZ_yxOTfvdkD1wZlpNHtHE8qaYehx2qfgYbgP9Azi-5gkiCoMaUCK5f-BNvz9O1R7QCugV3qsnfMy_niSMZkWn3rcNC1MTPrlpS-L9SMcWKMqq-yi_Fd3Leycz9A_U8oJlUyffs1PGo%26cry%3D1%26dbm_d%3DAKAmf-Ce0ZZH6wHgFGPLItshA3xN2sH4Rw6satzQB7i4rynkUDY4PeA44t6z9tydp_qz-3F8oGhDoFkty1_oKAYBen08zYIvhrHBR39oflnF657DUt2TpaEvubFoxme-g6-LXPCI1fYEGmyAmeqtZiqsCByOY4NlWtZM6Jh-Ktczg5Z9bTZffNFD9JNE5V-hROirTFcdHDpBGQFSAQqfFi-xZeaU91c98dNm1giXhH6Mf_KY5UJkuscKuuYKHa33AC3qh-M_Olu-Hedkp14o_mtenddLOC2sdNj5oVD376dIwX2o93osNKCftBWCClBi37bYLqSbd9PT__OkO3UJxQH2j909-rPodT6IoQPSRqIt6TEX0y2-LG0eKMsv4Sxd3OmZPdDsbyMq4dJLj2fUYnQNbHoZXGqD0zN1POHkiiVPo7fgYzqffcj39KwlpfH2F1rPog41dVnSQIINbi4JJ8ejK-9eKuDJT3XzxKomrIqY7YoH7SnznEC6sOKcnu4VTw1QL7l8A8hgNtPa7djHANMKxdmFrzBE1vtto5D0pc801Q2OpZcAxeC9dqICp34JhjDBg4CWz4e_rRgKqQxIv8zKL1jbd-1dZkwilc6Fy4Yei35tyWog8vtdK_fUzhdUib8wsoYr_lKwZnebQcMEBIlhzC5hJ4juUMv9tc4P4OSsuyHydcwBr3BmpnjxCa-rDSecsgofPMC35GLU_E0uZaXDbncD-gG36w%26adurl%3D&cb=1780507324881240&url=https%3A%2F%2Ffinance.yahoo.com%2Fquote%2FCL%3DF%2F&urle=https%3A%2F%2Ffinance.yahoo.com%2Fquote%2FCL%253DF%2F&bundle_id=&line=23789406360&gdpr=0&gdpr_consent=&addtl_consent=&domain=finance.yahoo.com&s=doubleclick:236
[    4770ms] [LOG] Mengubah: translate3d(850px, 0, 0) -> translate(850px, 0) @ https://staticcdn.enzymic.co/VzWdpezFbNx9a4v0?c=https%3A%2F%2Fgoogleads.g.doubleclick.net%2Fdbm%2Fclk%3Fsa%3DL%26ai%3DCG7bpvGIgatjkNa6Uid4P65C0wAK1s_S_hwHHzu_W8xX4qb25oEgQASDBgouaAWCf0aEGoAGOq9j9QsgBCakCnBgpzT0ggT6oAwHIA5sEqgSjAk_QpwlUL-AJss0_mNbDh3qUeqLsJKrYdr0DLiIx9_wSeKV-gASubCpFguCidVAOYuAS4DBtPfFXxBo7QOrNI_jky1-OSHxR764mWEkFYgj-MgKJQzDKyg-3rvnVrutg1LdvfjRHJtnrrtRvjnXjl0MTMyvGw7vu5eWCm4ViTVL07hPuRxR5i-CueWPfemhHSVYwK6AVJXtOxmzmbgsOOpCAhnh8RK26zBkuDHg8vvYVd2-zicdzHsNi0IclSv0RD_sbGCDlqT57laX8b38W70tg8xpJPT_UUcvdQCueg8u7VtDC8rMyABqMME63YKYqWg0au26zdFZN411Uw6Ia_HDnIgW_5UTlf-BBA5TCCADY0c3zE686LsxnaIe_zG8SWNFLR8AEr7vb7OcF4AQDiAWYkdbPWJAGAaAGTYAHjuOo3R2oB6fMsQKoB6a-G6gHzM6xAqgH89EbqAeW2BuoB6qbsQKoB47OG6gHk9gbqAfw4BuoB-6WsQKoB_6esQKoB6--sQKoB9XJG6gH2baxAqgHmgaoB_-esQKoB9-fsQKoB_jCsQKoB_vCsQKoB-fXsQLYBwDSCDIIgGEQARgdMgiKgoCAgICACDoPgECAwICAgICIgAKog4AQSL39wTpYgZf51MrrlANgAYAKA5gLAcgLAYAMAaIMCCoGCgSW4rECqg0CVFfiDRMItr351MrrlAMVLkrCBR1rCA0o6g0TCOWF-tTK65QDFS5KwgUdawgNKPANAYgO____________AbAT_YSwItATANgTDdgUAdAVAcoWAgoA-BYBgBcBshcQGAIqCjc0OTkwMjY1MDBQBqoYFwkAAAAAsLP5QBIKNzQ5OTAyNjUwMBgBshgJEgKRVBhNIgEA0BkB%26ae%3D1%26num%3D1%26cid%3DCAQSngIAEQoqgefvLfNdTHmSCCGtVBTq39rhTyxSywbNnmpp7R81GtQvxT0F6vPnqhmWZspYBDp-0sWyvlFomxHfk8uQ65P_hTFBaFD_zJRogM4kK6d9DNaujiXeFav5N8O9QdIgYnd-f-2WRUeTVQf9ToZfHnk4M3ZBA6DxM9UZpkx9HjauSvP7zZQ8YcWgUQb_Ywa7OPxBgXYftmein0FbslJpE10tlQaIUjWBPo3MB3hGC_Zrva5gsIOuWbQpWkbKIVyX0InadRRB3uNihxnwX1CtYHdDVGs_UWbDek9B52J_nl2ymVI4iHTx4AyR5aBOjQiFWLRl3Nv6TghPGJNPQ6tPYAvUgTgs6VOHO5apormkGsDiU0ESmntb6Zlp7RhRGAE%26sig%3DAOD64_2o5ohZGKr2a051__Pg59UcMfLUpw%26client%3Dca-pub-2305304999188653%26dbm_c%3DAKAmf-AjVIMWIhz0crwVMdxKaiR9kCLxVMZE55pUoVDhqAPGSV-4GlE9GH8ES9xrWBAr83i_A8UvNWyM4RnLIQVYVvFrE3GNENMiAm1N0fbEAQnkKyryG2DvHd7TxQ4nJfaetV2nquF9akDFxg4ECsB1_lojrpwkAuAihbrTK7ksDZ_yxOTfvdkD1wZlpNHtHE8qaYehx2qfgYbgP9Azi-5gkiCoMaUCK5f-BNvz9O1R7QCugV3qsnfMy_niSMZkWn3rcNC1MTPrlpS-L9SMcWKMqq-yi_Fd3Leycz9A_U8oJlUyffs1PGo%26cry%3D1%26dbm_d%3DAKAmf-Ce0ZZH6wHgFGPLItshA3xN2sH4Rw6satzQB7i4rynkUDY4PeA44t6z9tydp_qz-3F8oGhDoFkty1_oKAYBen08zYIvhrHBR39oflnF657DUt2TpaEvubFoxme-g6-LXPCI1fYEGmyAmeqtZiqsCByOY4NlWtZM6Jh-Ktczg5Z9bTZffNFD9JNE5V-hROirTFcdHDpBGQFSAQqfFi-xZeaU91c98dNm1giXhH6Mf_KY5UJkuscKuuYKHa33AC3qh-M_Olu-Hedkp14o_mtenddLOC2sdNj5oVD376dIwX2o93osNKCftBWCClBi37bYLqSbd9PT__OkO3UJxQH2j909-rPodT6IoQPSRqIt6TEX0y2-LG0eKMsv4Sxd3OmZPdDsbyMq4dJLj2fUYnQNbHoZXGqD0zN1POHkiiVPo7fgYzqffcj39KwlpfH2F1rPog41dVnSQIINbi4JJ8ejK-9eKuDJT3XzxKomrIqY7YoH7SnznEC6sOKcnu4VTw1QL7l8A8hgNtPa7djHANMKxdmFrzBE1vtto5D0pc801Q2OpZcAxeC9dqICp34JhjDBg4CWz4e_rRgKqQxIv8zKL1jbd-1dZkwilc6Fy4Yei35tyWog8vtdK_fUzhdUib8wsoYr_lKwZnebQcMEBIlhzC5hJ4juUMv9tc4P4OSsuyHydcwBr3BmpnjxCa-rDSecsgofPMC35GLU_E0uZaXDbncD-gG36w%26adurl%3D&cb=1780507324881240&url=https%3A%2F%2Ffinance.yahoo.com%2Fquote%2FCL%3DF%2F&urle=https%3A%2F%2Ffinance.yahoo.com%2Fquote%2FCL%253DF%2F&bundle_id=&line=23789406360&gdpr=0&gdpr_consent=&addtl_consent=&domain=finance.yahoo.com&s=doubleclick:236
[    4770ms] [LOG] Mengubah: translate3d(850px, 0, 0) -> translate(850px, 0) @ https://staticcdn.enzymic.co/VzWdpezFbNx9a4v0?c=https%3A%2F%2Fgoogleads.g.doubleclick.net%2Fdbm%2Fclk%3Fsa%3DL%26ai%3DCG7bpvGIgatjkNa6Uid4P65C0wAK1s_S_hwHHzu_W8xX4qb25oEgQASDBgouaAWCf0aEGoAGOq9j9QsgBCakCnBgpzT0ggT6oAwHIA5sEqgSjAk_QpwlUL-AJss0_mNbDh3qUeqLsJKrYdr0DLiIx9_wSeKV-gASubCpFguCidVAOYuAS4DBtPfFXxBo7QOrNI_jky1-OSHxR764mWEkFYgj-MgKJQzDKyg-3rvnVrutg1LdvfjRHJtnrrtRvjnXjl0MTMyvGw7vu5eWCm4ViTVL07hPuRxR5i-CueWPfemhHSVYwK6AVJXtOxmzmbgsOOpCAhnh8RK26zBkuDHg8vvYVd2-zicdzHsNi0IclSv0RD_sbGCDlqT57laX8b38W70tg8xpJPT_UUcvdQCueg8u7VtDC8rMyABqMME63YKYqWg0au26zdFZN411Uw6Ia_HDnIgW_5UTlf-BBA5TCCADY0c3zE686LsxnaIe_zG8SWNFLR8AEr7vb7OcF4AQDiAWYkdbPWJAGAaAGTYAHjuOo3R2oB6fMsQKoB6a-G6gHzM6xAqgH89EbqAeW2BuoB6qbsQKoB47OG6gHk9gbqAfw4BuoB-6WsQKoB_6esQKoB6--sQKoB9XJG6gH2baxAqgHmgaoB_-esQKoB9-fsQKoB_jCsQKoB_vCsQKoB-fXsQLYBwDSCDIIgGEQARgdMgiKgoCAgICACDoPgECAwICAgICIgAKog4AQSL39wTpYgZf51MrrlANgAYAKA5gLAcgLAYAMAaIMCCoGCgSW4rECqg0CVFfiDRMItr351MrrlAMVLkrCBR1rCA0o6g0TCOWF-tTK65QDFS5KwgUdawgNKPANAYgO____________AbAT_YSwItATANgTDdgUAdAVAcoWAgoA-BYBgBcBshcQGAIqCjc0OTkwMjY1MDBQBqoYFwkAAAAAsLP5QBIKNzQ5OTAyNjUwMBgBshgJEgKRVBhNIgEA0BkB%26ae%3D1%26num%3D1%26cid%3DCAQSngIAEQoqgefvLfNdTHmSCCGtVBTq39rhTyxSywbNnmpp7R81GtQvxT0F6vPnqhmWZspYBDp-0sWyvlFomxHfk8uQ65P_hTFBaFD_zJRogM4kK6d9DNaujiXeFav5N8O9QdIgYnd-f-2WRUeTVQf9ToZfHnk4M3ZBA6DxM9UZpkx9HjauSvP7zZQ8YcWgUQb_Ywa7OPxBgXYftmein0FbslJpE10tlQaIUjWBPo3MB3hGC_Zrva5gsIOuWbQpWkbKIVyX0InadRRB3uNihxnwX1CtYHdDVGs_UWbDek9B52J_nl2ymVI4iHTx4AyR5aBOjQiFWLRl3Nv6TghPGJNPQ6tPYAvUgTgs6VOHO5apormkGsDiU0ESmntb6Zlp7RhRGAE%26sig%3DAOD64_2o5ohZGKr2a051__Pg59UcMfLUpw%26client%3Dca-pub-2305304999188653%26dbm_c%3DAKAmf-AjVIMWIhz0crwVMdxKaiR9kCLxVMZE55pUoVDhqAPGSV-4GlE9GH8ES9xrWBAr83i_A8UvNWyM4RnLIQVYVvFrE3GNENMiAm1N0fbEAQnkKyryG2DvHd7TxQ4nJfaetV2nquF9akDFxg4ECsB1_lojrpwkAuAihbrTK7ksDZ_yxOTfvdkD1wZlpNHtHE8qaYehx2qfgYbgP9Azi-5gkiCoMaUCK5f-BNvz9O1R7QCugV3qsnfMy_niSMZkWn3rcNC1MTPrlpS-L9SMcWKMqq-yi_Fd3Leycz9A_U8oJlUyffs1PGo%26cry%3D1%26dbm_d%3DAKAmf-Ce0ZZH6wHgFGPLItshA3xN2sH4Rw6satzQB7i4rynkUDY4PeA44t6z9tydp_qz-3F8oGhDoFkty1_oKAYBen08zYIvhrHBR39oflnF657DUt2TpaEvubFoxme-g6-LXPCI1fYEGmyAmeqtZiqsCByOY4NlWtZM6Jh-Ktczg5Z9bTZffNFD9JNE5V-hROirTFcdHDpBGQFSAQqfFi-xZeaU91c98dNm1giXhH6Mf_KY5UJkuscKuuYKHa33AC3qh-M_Olu-Hedkp14o_mtenddLOC2sdNj5oVD376dIwX2o93osNKCftBWCClBi37bYLqSbd9PT__OkO3UJxQH2j909-rPodT6IoQPSRqIt6TEX0y2-LG0eKMsv4Sxd3OmZPdDsbyMq4dJLj2fUYnQNbHoZXGqD0zN1POHkiiVPo7fgYzqffcj39KwlpfH2F1rPog41dVnSQIINbi4JJ8ejK-9eKuDJT3XzxKomrIqY7YoH7SnznEC6sOKcnu4VTw1QL7l8A8hgNtPa7djHANMKxdmFrzBE1vtto5D0pc801Q2OpZcAxeC9dqICp34JhjDBg4CWz4e_rRgKqQxIv8zKL1jbd-1dZkwilc6Fy4Yei35tyWog8vtdK_fUzhdUib8wsoYr_lKwZnebQcMEBIlhzC5hJ4juUMv9tc4P4OSsuyHydcwBr3BmpnjxCa-rDSecsgofPMC35GLU_E0uZaXDbncD-gG36w%26adurl%3D&cb=1780507324881240&url=https%3A%2F%2Ffinance.yahoo.com%2Fquote%2FCL%3DF%2F&urle=https%3A%2F%2Ffinance.yahoo.com%2Fquote%2FCL%253DF%2F&bundle_id=&line=23789406360&gdpr=0&gdpr_consent=&addtl_consent=&domain=finance.yahoo.com&s=doubleclick:236
[    4770ms] [LOG] Mengubah: translate3d(850px, 0, 0) -> translate(850px, 0) @ https://staticcdn.enzymic.co/VzWdpezFbNx9a4v0?c=https%3A%2F%2Fgoogleads.g.doubleclick.net%2Fdbm%2Fclk%3Fsa%3DL%26ai%3DCG7bpvGIgatjkNa6Uid4P65C0wAK1s_S_hwHHzu_W8xX4qb25oEgQASDBgouaAWCf0aEGoAGOq9j9QsgBCakCnBgpzT0ggT6oAwHIA5sEqgSjAk_QpwlUL-AJss0_mNbDh3qUeqLsJKrYdr0DLiIx9_wSeKV-gASubCpFguCidVAOYuAS4DBtPfFXxBo7QOrNI_jky1-OSHxR764mWEkFYgj-MgKJQzDKyg-3rvnVrutg1LdvfjRHJtnrrtRvjnXjl0MTMyvGw7vu5eWCm4ViTVL07hPuRxR5i-CueWPfemhHSVYwK6AVJXtOxmzmbgsOOpCAhnh8RK26zBkuDHg8vvYVd2-zicdzHsNi0IclSv0RD_sbGCDlqT57laX8b38W70tg8xpJPT_UUcvdQCueg8u7VtDC8rMyABqMME63YKYqWg0au26zdFZN411Uw6Ia_HDnIgW_5UTlf-BBA5TCCADY0c3zE686LsxnaIe_zG8SWNFLR8AEr7vb7OcF4AQDiAWYkdbPWJAGAaAGTYAHjuOo3R2oB6fMsQKoB6a-G6gHzM6xAqgH89EbqAeW2BuoB6qbsQKoB47OG6gHk9gbqAfw4BuoB-6WsQKoB_6esQKoB6--sQKoB9XJG6gH2baxAqgHmgaoB_-esQKoB9-fsQKoB_jCsQKoB_vCsQKoB-fXsQLYBwDSCDIIgGEQARgdMgiKgoCAgICACDoPgECAwICAgICIgAKog4AQSL39wTpYgZf51MrrlANgAYAKA5gLAcgLAYAMAaIMCCoGCgSW4rECqg0CVFfiDRMItr351MrrlAMVLkrCBR1rCA0o6g0TCOWF-tTK65QDFS5KwgUdawgNKPANAYgO____________AbAT_YSwItATANgTDdgUAdAVAcoWAgoA-BYBgBcBshcQGAIqCjc0OTkwMjY1MDBQBqoYFwkAAAAAsLP5QBIKNzQ5OTAyNjUwMBgBshgJEgKRVBhNIgEA0BkB%26ae%3D1%26num%3D1%26cid%3DCAQSngIAEQoqgefvLfNdTHmSCCGtVBTq39rhTyxSywbNnmpp7R81GtQvxT0F6vPnqhmWZspYBDp-0sWyvlFomxHfk8uQ65P_hTFBaFD_zJRogM4kK6d9DNaujiXeFav5N8O9QdIgYnd-f-2WRUeTVQf9ToZfHnk4M3ZBA6DxM9UZpkx9HjauSvP7zZQ8YcWgUQb_Ywa7OPxBgXYftmein0FbslJpE10tlQaIUjWBPo3MB3hGC_Zrva5gsIOuWbQpWkbKIVyX0InadRRB3uNihxnwX1CtYHdDVGs_UWbDek9B52J_nl2ymVI4iHTx4AyR5aBOjQiFWLRl3Nv6TghPGJNPQ6tPYAvUgTgs6VOHO5apormkGsDiU0ESmntb6Zlp7RhRGAE%26sig%3DAOD64_2o5ohZGKr2a051__Pg59UcMfLUpw%26client%3Dca-pub-2305304999188653%26dbm_c%3DAKAmf-AjVIMWIhz0crwVMdxKaiR9kCLxVMZE55pUoVDhqAPGSV-4GlE9GH8ES9xrWBAr83i_A8UvNWyM4RnLIQVYVvFrE3GNENMiAm1N0fbEAQnkKyryG2DvHd7TxQ4nJfaetV2nquF9akDFxg4ECsB1_lojrpwkAuAihbrTK7ksDZ_yxOTfvdkD1wZlpNHtHE8qaYehx2qfgYbgP9Azi-5gkiCoMaUCK5f-BNvz9O1R7QCugV3qsnfMy_niSMZkWn3rcNC1MTPrlpS-L9SMcWKMqq-yi_Fd3Leycz9A_U8oJlUyffs1PGo%26cry%3D1%26dbm_d%3DAKAmf-Ce0ZZH6wHgFGPLItshA3xN2sH4Rw6satzQB7i4rynkUDY4PeA44t6z9tydp_qz-3F8oGhDoFkty1_oKAYBen08zYIvhrHBR39oflnF657DUt2TpaEvubFoxme-g6-LXPCI1fYEGmyAmeqtZiqsCByOY4NlWtZM6Jh-Ktczg5Z9bTZffNFD9JNE5V-hROirTFcdHDpBGQFSAQqfFi-xZeaU91c98dNm1giXhH6Mf_KY5UJkuscKuuYKHa33AC3qh-M_Olu-Hedkp14o_mtenddLOC2sdNj5oVD376dIwX2o93osNKCftBWCClBi37bYLqSbd9PT__OkO3UJxQH2j909-rPodT6IoQPSRqIt6TEX0y2-LG0eKMsv4Sxd3OmZPdDsbyMq4dJLj2fUYnQNbHoZXGqD0zN1POHkiiVPo7fgYzqffcj39KwlpfH2F1rPog41dVnSQIINbi4JJ8ejK-9eKuDJT3XzxKomrIqY7YoH7SnznEC6sOKcnu4VTw1QL7l8A8hgNtPa7djHANMKxdmFrzBE1vtto5D0pc801Q2OpZcAxeC9dqICp34JhjDBg4CWz4e_rRgKqQxIv8zKL1jbd-1dZkwilc6Fy4Yei35tyWog8vtdK_fUzhdUib8wsoYr_lKwZnebQcMEBIlhzC5hJ4juUMv9tc4P4OSsuyHydcwBr3BmpnjxCa-rDSecsgofPMC35GLU_E0uZaXDbncD-gG36w%26adurl%3D&cb=1780507324881240&url=https%3A%2F%2Ffinance.yahoo.com%2Fquote%2FCL%3DF%2F&urle=https%3A%2F%2Ffinance.yahoo.com%2Fquote%2FCL%253DF%2F&bundle_id=&line=23789406360&gdpr=0&gdpr_consent=&addtl_consent=&domain=finance.yahoo.com&s=doubleclick:236
[    4770ms] [LOG] Mengubah: translate3d(850px, 0, 0) -> translate(850px, 0) @ https://staticcdn.enzymic.co/VzWdpezFbNx9a4v0?c=https%3A%2F%2Fgoogleads.g.doubleclick.net%2Fdbm%2Fclk%3Fsa%3DL%26ai%3DCG7bpvGIgatjkNa6Uid4P65C0wAK1s_S_hwHHzu_W8xX4qb25oEgQASDBgouaAWCf0aEGoAGOq9j9QsgBCakCnBgpzT0ggT6oAwHIA5sEqgSjAk_QpwlUL-AJss0_mNbDh3qUeqLsJKrYdr0DLiIx9_wSeKV-gASubCpFguCidVAOYuAS4DBtPfFXxBo7QOrNI_jky1-OSHxR764mWEkFYgj-MgKJQzDKyg-3rvnVrutg1LdvfjRHJtnrrtRvjnXjl0MTMyvGw7vu5eWCm4ViTVL07hPuRxR5i-CueWPfemhHSVYwK6AVJXtOxmzmbgsOOpCAhnh8RK26zBkuDHg8vvYVd2-zicdzHsNi0IclSv0RD_sbGCDlqT57laX8b38W70tg8xpJPT_UUcvdQCueg8u7VtDC8rMyABqMME63YKYqWg0au26zdFZN411Uw6Ia_HDnIgW_5UTlf-BBA5TCCADY0c3zE686LsxnaIe_zG8SWNFLR8AEr7vb7OcF4AQDiAWYkdbPWJAGAaAGTYAHjuOo3R2oB6fMsQKoB6a-G6gHzM6xAqgH89EbqAeW2BuoB6qbsQKoB47OG6gHk9gbqAfw4BuoB-6WsQKoB_6esQKoB6--sQKoB9XJG6gH2baxAqgHmgaoB_-esQKoB9-fsQKoB_jCsQKoB_vCsQKoB-fXsQLYBwDSCDIIgGEQARgdMgiKgoCAgICACDoPgECAwICAgICIgAKog4AQSL39wTpYgZf51MrrlANgAYAKA5gLAcgLAYAMAaIMCCoGCgSW4rECqg0CVFfiDRMItr351MrrlAMVLkrCBR1rCA0o6g0TCOWF-tTK65QDFS5KwgUdawgNKPANAYgO____________AbAT_YSwItATANgTDdgUAdAVAcoWAgoA-BYBgBcBshcQGAIqCjc0OTkwMjY1MDBQBqoYFwkAAAAAsLP5QBIKNzQ5OTAyNjUwMBgBshgJEgKRVBhNIgEA0BkB%26ae%3D1%26num%3D1%26cid%3DCAQSngIAEQoqgefvLfNdTHmSCCGtVBTq39rhTyxSywbNnmpp7R81GtQvxT0F6vPnqhmWZspYBDp-0sWyvlFomxHfk8uQ65P_hTFBaFD_zJRogM4kK6d9DNaujiXeFav5N8O9QdIgYnd-f-2WRUeTVQf9ToZfHnk4M3ZBA6DxM9UZpkx9HjauSvP7zZQ8YcWgUQb_Ywa7OPxBgXYftmein0FbslJpE10tlQaIUjWBPo3MB3hGC_Zrva5gsIOuWbQpWkbKIVyX0InadRRB3uNihxnwX1CtYHdDVGs_UWbDek9B52J_nl2ymVI4iHTx4AyR5aBOjQiFWLRl3Nv6TghPGJNPQ6tPYAvUgTgs6VOHO5apormkGsDiU0ESmntb6Zlp7RhRGAE%26sig%3DAOD64_2o5ohZGKr2a051__Pg59UcMfLUpw%26client%3Dca-pub-2305304999188653%26dbm_c%3DAKAmf-AjVIMWIhz0crwVMdxKaiR9kCLxVMZE55pUoVDhqAPGSV-4GlE9GH8ES9xrWBAr83i_A8UvNWyM4RnLIQVYVvFrE3GNENMiAm1N0fbEAQnkKyryG2DvHd7TxQ4nJfaetV2nquF9akDFxg4ECsB1_lojrpwkAuAihbrTK7ksDZ_yxOTfvdkD1wZlpNHtHE8qaYehx2qfgYbgP9Azi-5gkiCoMaUCK5f-BNvz9O1R7QCugV3qsnfMy_niSMZkWn3rcNC1MTPrlpS-L9SMcWKMqq-yi_Fd3Leycz9A_U8oJlUyffs1PGo%26cry%3D1%26dbm_d%3DAKAmf-Ce0ZZH6wHgFGPLItshA3xN2sH4Rw6satzQB7i4rynkUDY4PeA44t6z9tydp_qz-3F8oGhDoFkty1_oKAYBen08zYIvhrHBR39oflnF657DUt2TpaEvubFoxme-g6-LXPCI1fYEGmyAmeqtZiqsCByOY4NlWtZM6Jh-Ktczg5Z9bTZffNFD9JNE5V-hROirTFcdHDpBGQFSAQqfFi-xZeaU91c98dNm1giXhH6Mf_KY5UJkuscKuuYKHa33AC3qh-M_Olu-Hedkp14o_mtenddLOC2sdNj5oVD376dIwX2o93osNKCftBWCClBi37bYLqSbd9PT__OkO3UJxQH2j909-rPodT6IoQPSRqIt6TEX0y2-LG0eKMsv4Sxd3OmZPdDsbyMq4dJLj2fUYnQNbHoZXGqD0zN1POHkiiVPo7fgYzqffcj39KwlpfH2F1rPog41dVnSQIINbi4JJ8ejK-9eKuDJT3XzxKomrIqY7YoH7SnznEC6sOKcnu4VTw1QL7l8A8hgNtPa7djHANMKxdmFrzBE1vtto5D0pc801Q2OpZcAxeC9dqICp34JhjDBg4CWz4e_rRgKqQxIv8zKL1jbd-1dZkwilc6Fy4Yei35tyWog8vtdK_fUzhdUib8wsoYr_lKwZnebQcMEBIlhzC5hJ4juUMv9tc4P4OSsuyHydcwBr3BmpnjxCa-rDSecsgofPMC35GLU_E0uZaXDbncD-gG36w%26adurl%3D&cb=1780507324881240&url=https%3A%2F%2Ffinance.yahoo.com%2Fquote%2FCL%3DF%2F&urle=https%3A%2F%2Ffinance.yahoo.com%2Fquote%2FCL%253DF%2F&bundle_id=&line=23789406360&gdpr=0&gdpr_consent=&addtl_consent=&domain=finance.yahoo.com&s=doubleclick:236
[    4770ms] [LOG] Mengubah: translate3d(850px, 0, 0) -> translate(850px, 0) @ https://staticcdn.enzymic.co/VzWdpezFbNx9a4v0?c=https%3A%2F%2Fgoogleads.g.doubleclick.net%2Fdbm%2Fclk%3Fsa%3DL%26ai%3DCG7bpvGIgatjkNa6Uid4P65C0wAK1s_S_hwHHzu_W8xX4qb25oEgQASDBgouaAWCf0aEGoAGOq9j9QsgBCakCnBgpzT0ggT6oAwHIA5sEqgSjAk_QpwlUL-AJss0_mNbDh3qUeqLsJKrYdr0DLiIx9_wSeKV-gASubCpFguCidVAOYuAS4DBtPfFXxBo7QOrNI_jky1-OSHxR764mWEkFYgj-MgKJQzDKyg-3rvnVrutg1LdvfjRHJtnrrtRvjnXjl0MTMyvGw7vu5eWCm4ViTVL07hPuRxR5i-CueWPfemhHSVYwK6AVJXtOxmzmbgsOOpCAhnh8RK26zBkuDHg8vvYVd2-zicdzHsNi0IclSv0RD_sbGCDlqT57laX8b38W70tg8xpJPT_UUcvdQCueg8u7VtDC8rMyABqMME63YKYqWg0au26zdFZN411Uw6Ia_HDnIgW_5UTlf-BBA5TCCADY0c3zE686LsxnaIe_zG8SWNFLR8AEr7vb7OcF4AQDiAWYkdbPWJAGAaAGTYAHjuOo3R2oB6fMsQKoB6a-G6gHzM6xAqgH89EbqAeW2BuoB6qbsQKoB47OG6gHk9gbqAfw4BuoB-6WsQKoB_6esQKoB6--sQKoB9XJG6gH2baxAqgHmgaoB_-esQKoB9-fsQKoB_jCsQKoB_vCsQKoB-fXsQLYBwDSCDIIgGEQARgdMgiKgoCAgICACDoPgECAwICAgICIgAKog4AQSL39wTpYgZf51MrrlANgAYAKA5gLAcgLAYAMAaIMCCoGCgSW4rECqg0CVFfiDRMItr351MrrlAMVLkrCBR1rCA0o6g0TCOWF-tTK65QDFS5KwgUdawgNKPANAYgO____________AbAT_YSwItATANgTDdgUAdAVAcoWAgoA-BYBgBcBshcQGAIqCjc0OTkwMjY1MDBQBqoYFwkAAAAAsLP5QBIKNzQ5OTAyNjUwMBgBshgJEgKRVBhNIgEA0BkB%26ae%3D1%26num%3D1%26cid%3DCAQSngIAEQoqgefvLfNdTHmSCCGtVBTq39rhTyxSywbNnmpp7R81GtQvxT0F6vPnqhmWZspYBDp-0sWyvlFomxHfk8uQ65P_hTFBaFD_zJRogM4kK6d9DNaujiXeFav5N8O9QdIgYnd-f-2WRUeTVQf9ToZfHnk4M3ZBA6DxM9UZpkx9HjauSvP7zZQ8YcWgUQb_Ywa7OPxBgXYftmein0FbslJpE10tlQaIUjWBPo3MB3hGC_Zrva5gsIOuWbQpWkbKIVyX0InadRRB3uNihxnwX1CtYHdDVGs_UWbDek9B52J_nl2ymVI4iHTx4AyR5aBOjQiFWLRl3Nv6TghPGJNPQ6tPYAvUgTgs6VOHO5apormkGsDiU0ESmntb6Zlp7RhRGAE%26sig%3DAOD64_2o5ohZGKr2a051__Pg59UcMfLUpw%26client%3Dca-pub-2305304999188653%26dbm_c%3DAKAmf-AjVIMWIhz0crwVMdxKaiR9kCLxVMZE55pUoVDhqAPGSV-4GlE9GH8ES9xrWBAr83i_A8UvNWyM4RnLIQVYVvFrE3GNENMiAm1N0fbEAQnkKyryG2DvHd7TxQ4nJfaetV2nquF9akDFxg4ECsB1_lojrpwkAuAihbrTK7ksDZ_yxOTfvdkD1wZlpNHtHE8qaYehx2qfgYbgP9Azi-5gkiCoMaUCK5f-BNvz9O1R7QCugV3qsnfMy_niSMZkWn3rcNC1MTPrlpS-L9SMcWKMqq-yi_Fd3Leycz9A_U8oJlUyffs1PGo%26cry%3D1%26dbm_d%3DAKAmf-Ce0ZZH6wHgFGPLItshA3xN2sH4Rw6satzQB7i4rynkUDY4PeA44t6z9tydp_qz-3F8oGhDoFkty1_oKAYBen08zYIvhrHBR39oflnF657DUt2TpaEvubFoxme-g6-LXPCI1fYEGmyAmeqtZiqsCByOY4NlWtZM6Jh-Ktczg5Z9bTZffNFD9JNE5V-hROirTFcdHDpBGQFSAQqfFi-xZeaU91c98dNm1giXhH6Mf_KY5UJkuscKuuYKHa33AC3qh-M_Olu-Hedkp14o_mtenddLOC2sdNj5oVD376dIwX2o93osNKCftBWCClBi37bYLqSbd9PT__OkO3UJxQH2j909-rPodT6IoQPSRqIt6TEX0y2-LG0eKMsv4Sxd3OmZPdDsbyMq4dJLj2fUYnQNbHoZXGqD0zN1POHkiiVPo7fgYzqffcj39KwlpfH2F1rPog41dVnSQIINbi4JJ8ejK-9eKuDJT3XzxKomrIqY7YoH7SnznEC6sOKcnu4VTw1QL7l8A8hgNtPa7djHANMKxdmFrzBE1vtto5D0pc801Q2OpZcAxeC9dqICp34JhjDBg4CWz4e_rRgKqQxIv8zKL1jbd-1dZkwilc6Fy4Yei35tyWog8vtdK_fUzhdUib8wsoYr_lKwZnebQcMEBIlhzC5hJ4juUMv9tc4P4OSsuyHydcwBr3BmpnjxCa-rDSecsgofPMC35GLU_E0uZaXDbncD-gG36w%26adurl%3D&cb=1780507324881240&url=https%3A%2F%2Ffinance.yahoo.com%2Fquote%2FCL%3DF%2F&urle=https%3A%2F%2Ffinance.yahoo.com%2Fquote%2FCL%253DF%2F&bundle_id=&line=23789406360&gdpr=0&gdpr_consent=&addtl_consent=&domain=finance.yahoo.com&s=doubleclick:236
[    4770ms] [LOG] Mengubah: translate3d(850px, 0, 0) -> translate(850px, 0) @ https://staticcdn.enzymic.co/VzWdpezFbNx9a4v0?c=https%3A%2F%2Fgoogleads.g.doubleclick.net%2Fdbm%2Fclk%3Fsa%3DL%26ai%3DCG7bpvGIgatjkNa6Uid4P65C0wAK1s_S_hwHHzu_W8xX4qb25oEgQASDBgouaAWCf0aEGoAGOq9j9QsgBCakCnBgpzT0ggT6oAwHIA5sEqgSjAk_QpwlUL-AJss0_mNbDh3qUeqLsJKrYdr0DLiIx9_wSeKV-gASubCpFguCidVAOYuAS4DBtPfFXxBo7QOrNI_jky1-OSHxR764mWEkFYgj-MgKJQzDKyg-3rvnVrutg1LdvfjRHJtnrrtRvjnXjl0MTMyvGw7vu5eWCm4ViTVL07hPuRxR5i-CueWPfemhHSVYwK6AVJXtOxmzmbgsOOpCAhnh8RK26zBkuDHg8vvYVd2-zicdzHsNi0IclSv0RD_sbGCDlqT57laX8b38W70tg8xpJPT_UUcvdQCueg8u7VtDC8rMyABqMME63YKYqWg0au26zdFZN411Uw6Ia_HDnIgW_5UTlf-BBA5TCCADY0c3zE686LsxnaIe_zG8SWNFLR8AEr7vb7OcF4AQDiAWYkdbPWJAGAaAGTYAHjuOo3R2oB6fMsQKoB6a-G6gHzM6xAqgH89EbqAeW2BuoB6qbsQKoB47OG6gHk9gbqAfw4BuoB-6WsQKoB_6esQKoB6--sQKoB9XJG6gH2baxAqgHmgaoB_-esQKoB9-fsQKoB_jCsQKoB_vCsQKoB-fXsQLYBwDSCDIIgGEQARgdMgiKgoCAgICACDoPgECAwICAgICIgAKog4AQSL39wTpYgZf51MrrlANgAYAKA5gLAcgLAYAMAaIMCCoGCgSW4rECqg0CVFfiDRMItr351MrrlAMVLkrCBR1rCA0o6g0TCOWF-tTK65QDFS5KwgUdawgNKPANAYgO____________AbAT_YSwItATANgTDdgUAdAVAcoWAgoA-BYBgBcBshcQGAIqCjc0OTkwMjY1MDBQBqoYFwkAAAAAsLP5QBIKNzQ5OTAyNjUwMBgBshgJEgKRVBhNIgEA0BkB%26ae%3D1%26num%3D1%26cid%3DCAQSngIAEQoqgefvLfNdTHmSCCGtVBTq39rhTyxSywbNnmpp7R81GtQvxT0F6vPnqhmWZspYBDp-0sWyvlFomxHfk8uQ65P_hTFBaFD_zJRogM4kK6d9DNaujiXeFav5N8O9QdIgYnd-f-2WRUeTVQf9ToZfHnk4M3ZBA6DxM9UZpkx9HjauSvP7zZQ8YcWgUQb_Ywa7OPxBgXYftmein0FbslJpE10tlQaIUjWBPo3MB3hGC_Zrva5gsIOuWbQpWkbKIVyX0InadRRB3uNihxnwX1CtYHdDVGs_UWbDek9B52J_nl2ymVI4iHTx4AyR5aBOjQiFWLRl3Nv6TghPGJNPQ6tPYAvUgTgs6VOHO5apormkGsDiU0ESmntb6Zlp7RhRGAE%26sig%3DAOD64_2o5ohZGKr2a051__Pg59UcMfLUpw%26client%3Dca-pub-2305304999188653%26dbm_c%3DAKAmf-AjVIMWIhz0crwVMdxKaiR9kCLxVMZE55pUoVDhqAPGSV-4GlE9GH8ES9xrWBAr83i_A8UvNWyM4RnLIQVYVvFrE3GNENMiAm1N0fbEAQnkKyryG2DvHd7TxQ4nJfaetV2nquF9akDFxg4ECsB1_lojrpwkAuAihbrTK7ksDZ_yxOTfvdkD1wZlpNHtHE8qaYehx2qfgYbgP9Azi-5gkiCoMaUCK5f-BNvz9O1R7QCugV3qsnfMy_niSMZkWn3rcNC1MTPrlpS-L9SMcWKMqq-yi_Fd3Leycz9A_U8oJlUyffs1PGo%26cry%3D1%26dbm_d%3DAKAmf-Ce0ZZH6wHgFGPLItshA3xN2sH4Rw6satzQB7i4rynkUDY4PeA44t6z9tydp_qz-3F8oGhDoFkty1_oKAYBen08zYIvhrHBR39oflnF657DUt2TpaEvubFoxme-g6-LXPCI1fYEGmyAmeqtZiqsCByOY4NlWtZM6Jh-Ktczg5Z9bTZffNFD9JNE5V-hROirTFcdHDpBGQFSAQqfFi-xZeaU91c98dNm1giXhH6Mf_KY5UJkuscKuuYKHa33AC3qh-M_Olu-Hedkp14o_mtenddLOC2sdNj5oVD376dIwX2o93osNKCftBWCClBi37bYLqSbd9PT__OkO3UJxQH2j909-rPodT6IoQPSRqIt6TEX0y2-LG0eKMsv4Sxd3OmZPdDsbyMq4dJLj2fUYnQNbHoZXGqD0zN1POHkiiVPo7fgYzqffcj39KwlpfH2F1rPog41dVnSQIINbi4JJ8ejK-9eKuDJT3XzxKomrIqY7YoH7SnznEC6sOKcnu4VTw1QL7l8A8hgNtPa7djHANMKxdmFrzBE1vtto5D0pc801Q2OpZcAxeC9dqICp34JhjDBg4CWz4e_rRgKqQxIv8zKL1jbd-1dZkwilc6Fy4Yei35tyWog8vtdK_fUzhdUib8wsoYr_lKwZnebQcMEBIlhzC5hJ4juUMv9tc4P4OSsuyHydcwBr3BmpnjxCa-rDSecsgofPMC35GLU_E0uZaXDbncD-gG36w%26adurl%3D&cb=1780507324881240&url=https%3A%2F%2Ffinance.yahoo.com%2Fquote%2FCL%3DF%2F&urle=https%3A%2F%2Ffinance.yahoo.com%2Fquote%2FCL%253DF%2F&bundle_id=&line=23789406360&gdpr=0&gdpr_consent=&addtl_consent=&domain=finance.yahoo.com&s=doubleclick:236
[    4770ms] [LOG] Mengubah: translate3d(0, 0, 0) -> translate(0, 0) @ https://staticcdn.enzymic.co/VzWdpezFbNx9a4v0?c=https%3A%2F%2Fgoogleads.g.doubleclick.net%2Fdbm%2Fclk%3Fsa%3DL%26ai%3DCG7bpvGIgatjkNa6Uid4P65C0wAK1s_S_hwHHzu_W8xX4qb25oEgQASDBgouaAWCf0aEGoAGOq9j9QsgBCakCnBgpzT0ggT6oAwHIA5sEqgSjAk_QpwlUL-AJss0_mNbDh3qUeqLsJKrYdr0DLiIx9_wSeKV-gASubCpFguCidVAOYuAS4DBtPfFXxBo7QOrNI_jky1-OSHxR764mWEkFYgj-MgKJQzDKyg-3rvnVrutg1LdvfjRHJtnrrtRvjnXjl0MTMyvGw7vu5eWCm4ViTVL07hPuRxR5i-CueWPfemhHSVYwK6AVJXtOxmzmbgsOOpCAhnh8RK26zBkuDHg8vvYVd2-zicdzHsNi0IclSv0RD_sbGCDlqT57laX8b38W70tg8xpJPT_UUcvdQCueg8u7VtDC8rMyABqMME63YKYqWg0au26zdFZN411Uw6Ia_HDnIgW_5UTlf-BBA5TCCADY0c3zE686LsxnaIe_zG8SWNFLR8AEr7vb7OcF4AQDiAWYkdbPWJAGAaAGTYAHjuOo3R2oB6fMsQKoB6a-G6gHzM6xAqgH89EbqAeW2BuoB6qbsQKoB47OG6gHk9gbqAfw4BuoB-6WsQKoB_6esQKoB6--sQKoB9XJG6gH2baxAqgHmgaoB_-esQKoB9-fsQKoB_jCsQKoB_vCsQKoB-fXsQLYBwDSCDIIgGEQARgdMgiKgoCAgICACDoPgECAwICAgICIgAKog4AQSL39wTpYgZf51MrrlANgAYAKA5gLAcgLAYAMAaIMCCoGCgSW4rECqg0CVFfiDRMItr351MrrlAMVLkrCBR1rCA0o6g0TCOWF-tTK65QDFS5KwgUdawgNKPANAYgO____________AbAT_YSwItATANgTDdgUAdAVAcoWAgoA-BYBgBcBshcQGAIqCjc0OTkwMjY1MDBQBqoYFwkAAAAAsLP5QBIKNzQ5OTAyNjUwMBgBshgJEgKRVBhNIgEA0BkB%26ae%3D1%26num%3D1%26cid%3DCAQSngIAEQoqgefvLfNdTHmSCCGtVBTq39rhTyxSywbNnmpp7R81GtQvxT0F6vPnqhmWZspYBDp-0sWyvlFomxHfk8uQ65P_hTFBaFD_zJRogM4kK6d9DNaujiXeFav5N8O9QdIgYnd-f-2WRUeTVQf9ToZfHnk4M3ZBA6DxM9UZpkx9HjauSvP7zZQ8YcWgUQb_Ywa7OPxBgXYftmein0FbslJpE10tlQaIUjWBPo3MB3hGC_Zrva5gsIOuWbQpWkbKIVyX0InadRRB3uNihxnwX1CtYHdDVGs_UWbDek9B52J_nl2ymVI4iHTx4AyR5aBOjQiFWLRl3Nv6TghPGJNPQ6tPYAvUgTgs6VOHO5apormkGsDiU0ESmntb6Zlp7RhRGAE%26sig%3DAOD64_2o5ohZGKr2a051__Pg59UcMfLUpw%26client%3Dca-pub-2305304999188653%26dbm_c%3DAKAmf-AjVIMWIhz0crwVMdxKaiR9kCLxVMZE55pUoVDhqAPGSV-4GlE9GH8ES9xrWBAr83i_A8UvNWyM4RnLIQVYVvFrE3GNENMiAm1N0fbEAQnkKyryG2DvHd7TxQ4nJfaetV2nquF9akDFxg4ECsB1_lojrpwkAuAihbrTK7ksDZ_yxOTfvdkD1wZlpNHtHE8qaYehx2qfgYbgP9Azi-5gkiCoMaUCK5f-BNvz9O1R7QCugV3qsnfMy_niSMZkWn3rcNC1MTPrlpS-L9SMcWKMqq-yi_Fd3Leycz9A_U8oJlUyffs1PGo%26cry%3D1%26dbm_d%3DAKAmf-Ce0ZZH6wHgFGPLItshA3xN2sH4Rw6satzQB7i4rynkUDY4PeA44t6z9tydp_qz-3F8oGhDoFkty1_oKAYBen08zYIvhrHBR39oflnF657DUt2TpaEvubFoxme-g6-LXPCI1fYEGmyAmeqtZiqsCByOY4NlWtZM6Jh-Ktczg5Z9bTZffNFD9JNE5V-hROirTFcdHDpBGQFSAQqfFi-xZeaU91c98dNm1giXhH6Mf_KY5UJkuscKuuYKHa33AC3qh-M_Olu-Hedkp14o_mtenddLOC2sdNj5oVD376dIwX2o93osNKCftBWCClBi37bYLqSbd9PT__OkO3UJxQH2j909-rPodT6IoQPSRqIt6TEX0y2-LG0eKMsv4Sxd3OmZPdDsbyMq4dJLj2fUYnQNbHoZXGqD0zN1POHkiiVPo7fgYzqffcj39KwlpfH2F1rPog41dVnSQIINbi4JJ8ejK-9eKuDJT3XzxKomrIqY7YoH7SnznEC6sOKcnu4VTw1QL7l8A8hgNtPa7djHANMKxdmFrzBE1vtto5D0pc801Q2OpZcAxeC9dqICp34JhjDBg4CWz4e_rRgKqQxIv8zKL1jbd-1dZkwilc6Fy4Yei35tyWog8vtdK_fUzhdUib8wsoYr_lKwZnebQcMEBIlhzC5hJ4juUMv9tc4P4OSsuyHydcwBr3BmpnjxCa-rDSecsgofPMC35GLU_E0uZaXDbncD-gG36w%26adurl%3D&cb=1780507324881240&url=https%3A%2F%2Ffinance.yahoo.com%2Fquote%2FCL%3DF%2F&urle=https%3A%2F%2Ffinance.yahoo.com%2Fquote%2FCL%253DF%2F&bundle_id=&line=23789406360&gdpr=0&gdpr_consent=&addtl_consent=&domain=finance.yahoo.com&s=doubleclick:236
[    4770ms] [LOG] Mengubah: translate3d(850px, 0, 0) -> translate(850px, 0) @ https://staticcdn.enzymic.co/VzWdpezFbNx9a4v0?c=https%3A%2F%2Fgoogleads.g.doubleclick.net%2Fdbm%2Fclk%3Fsa%3DL%26ai%3DCG7bpvGIgatjkNa6Uid4P65C0wAK1s_S_hwHHzu_W8xX4qb25oEgQASDBgouaAWCf0aEGoAGOq9j9QsgBCakCnBgpzT0ggT6oAwHIA5sEqgSjAk_QpwlUL-AJss0_mNbDh3qUeqLsJKrYdr0DLiIx9_wSeKV-gASubCpFguCidVAOYuAS4DBtPfFXxBo7QOrNI_jky1-OSHxR764mWEkFYgj-MgKJQzDKyg-3rvnVrutg1LdvfjRHJtnrrtRvjnXjl0MTMyvGw7vu5eWCm4ViTVL07hPuRxR5i-CueWPfemhHSVYwK6AVJXtOxmzmbgsOOpCAhnh8RK26zBkuDHg8vvYVd2-zicdzHsNi0IclSv0RD_sbGCDlqT57laX8b38W70tg8xpJPT_UUcvdQCueg8u7VtDC8rMyABqMME63YKYqWg0au26zdFZN411Uw6Ia_HDnIgW_5UTlf-BBA5TCCADY0c3zE686LsxnaIe_zG8SWNFLR8AEr7vb7OcF4AQDiAWYkdbPWJAGAaAGTYAHjuOo3R2oB6fMsQKoB6a-G6gHzM6xAqgH89EbqAeW2BuoB6qbsQKoB47OG6gHk9gbqAfw4BuoB-6WsQKoB_6esQKoB6--sQKoB9XJG6gH2baxAqgHmgaoB_-esQKoB9-fsQKoB_jCsQKoB_vCsQKoB-fXsQLYBwDSCDIIgGEQARgdMgiKgoCAgICACDoPgECAwICAgICIgAKog4AQSL39wTpYgZf51MrrlANgAYAKA5gLAcgLAYAMAaIMCCoGCgSW4rECqg0CVFfiDRMItr351MrrlAMVLkrCBR1rCA0o6g0TCOWF-tTK65QDFS5KwgUdawgNKPANAYgO____________AbAT_YSwItATANgTDdgUAdAVAcoWAgoA-BYBgBcBshcQGAIqCjc0OTkwMjY1MDBQBqoYFwkAAAAAsLP5QBIKNzQ5OTAyNjUwMBgBshgJEgKRVBhNIgEA0BkB%26ae%3D1%26num%3D1%26cid%3DCAQSngIAEQoqgefvLfNdTHmSCCGtVBTq39rhTyxSywbNnmpp7R81GtQvxT0F6vPnqhmWZspYBDp-0sWyvlFomxHfk8uQ65P_hTFBaFD_zJRogM4kK6d9DNaujiXeFav5N8O9QdIgYnd-f-2WRUeTVQf9ToZfHnk4M3ZBA6DxM9UZpkx9HjauSvP7zZQ8YcWgUQb_Ywa7OPxBgXYftmein0FbslJpE10tlQaIUjWBPo3MB3hGC_Zrva5gsIOuWbQpWkbKIVyX0InadRRB3uNihxnwX1CtYHdDVGs_UWbDek9B52J_nl2ymVI4iHTx4AyR5aBOjQiFWLRl3Nv6TghPGJNPQ6tPYAvUgTgs6VOHO5apormkGsDiU0ESmntb6Zlp7RhRGAE%26sig%3DAOD64_2o5ohZGKr2a051__Pg59UcMfLUpw%26client%3Dca-pub-2305304999188653%26dbm_c%3DAKAmf-AjVIMWIhz0crwVMdxKaiR9kCLxVMZE55pUoVDhqAPGSV-4GlE9GH8ES9xrWBAr83i_A8UvNWyM4RnLIQVYVvFrE3GNENMiAm1N0fbEAQnkKyryG2DvHd7TxQ4nJfaetV2nquF9akDFxg4ECsB1_lojrpwkAuAihbrTK7ksDZ_yxOTfvdkD1wZlpNHtHE8qaYehx2qfgYbgP9Azi-5gkiCoMaUCK5f-BNvz9O1R7QCugV3qsnfMy_niSMZkWn3rcNC1MTPrlpS-L9SMcWKMqq-yi_Fd3Leycz9A_U8oJlUyffs1PGo%26cry%3D1%26dbm_d%3DAKAmf-Ce0ZZH6wHgFGPLItshA3xN2sH4Rw6satzQB7i4rynkUDY4PeA44t6z9tydp_qz-3F8oGhDoFkty1_oKAYBen08zYIvhrHBR39oflnF657DUt2TpaEvubFoxme-g6-LXPCI1fYEGmyAmeqtZiqsCByOY4NlWtZM6Jh-Ktczg5Z9bTZffNFD9JNE5V-hROirTFcdHDpBGQFSAQqfFi-xZeaU91c98dNm1giXhH6Mf_KY5UJkuscKuuYKHa33AC3qh-M_Olu-Hedkp14o_mtenddLOC2sdNj5oVD376dIwX2o93osNKCftBWCClBi37bYLqSbd9PT__OkO3UJxQH2j909-rPodT6IoQPSRqIt6TEX0y2-LG0eKMsv4Sxd3OmZPdDsbyMq4dJLj2fUYnQNbHoZXGqD0zN1POHkiiVPo7fgYzqffcj39KwlpfH2F1rPog41dVnSQIINbi4JJ8ejK-9eKuDJT3XzxKomrIqY7YoH7SnznEC6sOKcnu4VTw1QL7l8A8hgNtPa7djHANMKxdmFrzBE1vtto5D0pc801Q2OpZcAxeC9dqICp34JhjDBg4CWz4e_rRgKqQxIv8zKL1jbd-1dZkwilc6Fy4Yei35tyWog8vtdK_fUzhdUib8wsoYr_lKwZnebQcMEBIlhzC5hJ4juUMv9tc4P4OSsuyHydcwBr3BmpnjxCa-rDSecsgofPMC35GLU_E0uZaXDbncD-gG36w%26adurl%3D&cb=1780507324881240&url=https%3A%2F%2Ffinance.yahoo.com%2Fquote%2FCL%3DF%2F&urle=https%3A%2F%2Ffinance.yahoo.com%2Fquote%2FCL%253DF%2F&bundle_id=&line=23789406360&gdpr=0&gdpr_consent=&addtl_consent=&domain=finance.yahoo.com&s=doubleclick:236
[    4770ms] [LOG] Mengubah: translate3d(850px, 0, 0) -> translate(850px, 0) @ https://staticcdn.enzymic.co/VzWdpezFbNx9a4v0?c=https%3A%2F%2Fgoogleads.g.doubleclick.net%2Fdbm%2Fclk%3Fsa%3DL%26ai%3DCG7bpvGIgatjkNa6Uid4P65C0wAK1s_S_hwHHzu_W8xX4qb25oEgQASDBgouaAWCf0aEGoAGOq9j9QsgBCakCnBgpzT0ggT6oAwHIA5sEqgSjAk_QpwlUL-AJss0_mNbDh3qUeqLsJKrYdr0DLiIx9_wSeKV-gASubCpFguCidVAOYuAS4DBtPfFXxBo7QOrNI_jky1-OSHxR764mWEkFYgj-MgKJQzDKyg-3rvnVrutg1LdvfjRHJtnrrtRvjnXjl0MTMyvGw7vu5eWCm4ViTVL07hPuRxR5i-CueWPfemhHSVYwK6AVJXtOxmzmbgsOOpCAhnh8RK26zBkuDHg8vvYVd2-zicdzHsNi0IclSv0RD_sbGCDlqT57laX8b38W70tg8xpJPT_UUcvdQCueg8u7VtDC8rMyABqMME63YKYqWg0au26zdFZN411Uw6Ia_HDnIgW_5UTlf-BBA5TCCADY0c3zE686LsxnaIe_zG8SWNFLR8AEr7vb7OcF4AQDiAWYkdbPWJAGAaAGTYAHjuOo3R2oB6fMsQKoB6a-G6gHzM6xAqgH89EbqAeW2BuoB6qbsQKoB47OG6gHk9gbqAfw4BuoB-6WsQKoB_6esQKoB6--sQKoB9XJG6gH2baxAqgHmgaoB_-esQKoB9-fsQKoB_jCsQKoB_vCsQKoB-fXsQLYBwDSCDIIgGEQARgdMgiKgoCAgICACDoPgECAwICAgICIgAKog4AQSL39wTpYgZf51MrrlANgAYAKA5gLAcgLAYAMAaIMCCoGCgSW4rECqg0CVFfiDRMItr351MrrlAMVLkrCBR1rCA0o6g0TCOWF-tTK65QDFS5KwgUdawgNKPANAYgO____________AbAT_YSwItATANgTDdgUAdAVAcoWAgoA-BYBgBcBshcQGAIqCjc0OTkwMjY1MDBQBqoYFwkAAAAAsLP5QBIKNzQ5OTAyNjUwMBgBshgJEgKRVBhNIgEA0BkB%26ae%3D1%26num%3D1%26cid%3DCAQSngIAEQoqgefvLfNdTHmSCCGtVBTq39rhTyxSywbNnmpp7R81GtQvxT0F6vPnqhmWZspYBDp-0sWyvlFomxHfk8uQ65P_hTFBaFD_zJRogM4kK6d9DNaujiXeFav5N8O9QdIgYnd-f-2WRUeTVQf9ToZfHnk4M3ZBA6DxM9UZpkx9HjauSvP7zZQ8YcWgUQb_Ywa7OPxBgXYftmein0FbslJpE10tlQaIUjWBPo3MB3hGC_Zrva5gsIOuWbQpWkbKIVyX0InadRRB3uNihxnwX1CtYHdDVGs_UWbDek9B52J_nl2ymVI4iHTx4AyR5aBOjQiFWLRl3Nv6TghPGJNPQ6tPYAvUgTgs6VOHO5apormkGsDiU0ESmntb6Zlp7RhRGAE%26sig%3DAOD64_2o5ohZGKr2a051__Pg59UcMfLUpw%26client%3Dca-pub-2305304999188653%26dbm_c%3DAKAmf-AjVIMWIhz0crwVMdxKaiR9kCLxVMZE55pUoVDhqAPGSV-4GlE9GH8ES9xrWBAr83i_A8UvNWyM4RnLIQVYVvFrE3GNENMiAm1N0fbEAQnkKyryG2DvHd7TxQ4nJfaetV2nquF9akDFxg4ECsB1_lojrpwkAuAihbrTK7ksDZ_yxOTfvdkD1wZlpNHtHE8qaYehx2qfgYbgP9Azi-5gkiCoMaUCK5f-BNvz9O1R7QCugV3qsnfMy_niSMZkWn3rcNC1MTPrlpS-L9SMcWKMqq-yi_Fd3Leycz9A_U8oJlUyffs1PGo%26cry%3D1%26dbm_d%3DAKAmf-Ce0ZZH6wHgFGPLItshA3xN2sH4Rw6satzQB7i4rynkUDY4PeA44t6z9tydp_qz-3F8oGhDoFkty1_oKAYBen08zYIvhrHBR39oflnF657DUt2TpaEvubFoxme-g6-LXPCI1fYEGmyAmeqtZiqsCByOY4NlWtZM6Jh-Ktczg5Z9bTZffNFD9JNE5V-hROirTFcdHDpBGQFSAQqfFi-xZeaU91c98dNm1giXhH6Mf_KY5UJkuscKuuYKHa33AC3qh-M_Olu-Hedkp14o_mtenddLOC2sdNj5oVD376dIwX2o93osNKCftBWCClBi37bYLqSbd9PT__OkO3UJxQH2j909-rPodT6IoQPSRqIt6TEX0y2-LG0eKMsv4Sxd3OmZPdDsbyMq4dJLj2fUYnQNbHoZXGqD0zN1POHkiiVPo7fgYzqffcj39KwlpfH2F1rPog41dVnSQIINbi4JJ8ejK-9eKuDJT3XzxKomrIqY7YoH7SnznEC6sOKcnu4VTw1QL7l8A8hgNtPa7djHANMKxdmFrzBE1vtto5D0pc801Q2OpZcAxeC9dqICp34JhjDBg4CWz4e_rRgKqQxIv8zKL1jbd-1dZkwilc6Fy4Yei35tyWog8vtdK_fUzhdUib8wsoYr_lKwZnebQcMEBIlhzC5hJ4juUMv9tc4P4OSsuyHydcwBr3BmpnjxCa-rDSecsgofPMC35GLU_E0uZaXDbncD-gG36w%26adurl%3D&cb=1780507324881240&url=https%3A%2F%2Ffinance.yahoo.com%2Fquote%2FCL%3DF%2F&urle=https%3A%2F%2Ffinance.yahoo.com%2Fquote%2FCL%253DF%2F&bundle_id=&line=23789406360&gdpr=0&gdpr_consent=&addtl_consent=&domain=finance.yahoo.com&s=doubleclick:236
[    4770ms] [LOG] Mengubah: translate3d(0, 0, 0) -> translate(0, 0) @ https://staticcdn.enzymic.co/VzWdpezFbNx9a4v0?c=https%3A%2F%2Fgoogleads.g.doubleclick.net%2Fdbm%2Fclk%3Fsa%3DL%26ai%3DCG7bpvGIgatjkNa6Uid4P65C0wAK1s_S_hwHHzu_W8xX4qb25oEgQASDBgouaAWCf0aEGoAGOq9j9QsgBCakCnBgpzT0ggT6oAwHIA5sEqgSjAk_QpwlUL-AJss0_mNbDh3qUeqLsJKrYdr0DLiIx9_wSeKV-gASubCpFguCidVAOYuAS4DBtPfFXxBo7QOrNI_jky1-OSHxR764mWEkFYgj-MgKJQzDKyg-3rvnVrutg1LdvfjRHJtnrrtRvjnXjl0MTMyvGw7vu5eWCm4ViTVL07hPuRxR5i-CueWPfemhHSVYwK6AVJXtOxmzmbgsOOpCAhnh8RK26zBkuDHg8vvYVd2-zicdzHsNi0IclSv0RD_sbGCDlqT57laX8b38W70tg8xpJPT_UUcvdQCueg8u7VtDC8rMyABqMME63YKYqWg0au26zdFZN411Uw6Ia_HDnIgW_5UTlf-BBA5TCCADY0c3zE686LsxnaIe_zG8SWNFLR8AEr7vb7OcF4AQDiAWYkdbPWJAGAaAGTYAHjuOo3R2oB6fMsQKoB6a-G6gHzM6xAqgH89EbqAeW2BuoB6qbsQKoB47OG6gHk9gbqAfw4BuoB-6WsQKoB_6esQKoB6--sQKoB9XJG6gH2baxAqgHmgaoB_-esQKoB9-fsQKoB_jCsQKoB_vCsQKoB-fXsQLYBwDSCDIIgGEQARgdMgiKgoCAgICACDoPgECAwICAgICIgAKog4AQSL39wTpYgZf51MrrlANgAYAKA5gLAcgLAYAMAaIMCCoGCgSW4rECqg0CVFfiDRMItr351MrrlAMVLkrCBR1rCA0o6g0TCOWF-tTK65QDFS5KwgUdawgNKPANAYgO____________AbAT_YSwItATANgTDdgUAdAVAcoWAgoA-BYBgBcBshcQGAIqCjc0OTkwMjY1MDBQBqoYFwkAAAAAsLP5QBIKNzQ5OTAyNjUwMBgBshgJEgKRVBhNIgEA0BkB%26ae%3D1%26num%3D1%26cid%3DCAQSngIAEQoqgefvLfNdTHmSCCGtVBTq39rhTyxSywbNnmpp7R81GtQvxT0F6vPnqhmWZspYBDp-0sWyvlFomxHfk8uQ65P_hTFBaFD_zJRogM4kK6d9DNaujiXeFav5N8O9QdIgYnd-f-2WRUeTVQf9ToZfHnk4M3ZBA6DxM9UZpkx9HjauSvP7zZQ8YcWgUQb_Ywa7OPxBgXYftmein0FbslJpE10tlQaIUjWBPo3MB3hGC_Zrva5gsIOuWbQpWkbKIVyX0InadRRB3uNihxnwX1CtYHdDVGs_UWbDek9B52J_nl2ymVI4iHTx4AyR5aBOjQiFWLRl3Nv6TghPGJNPQ6tPYAvUgTgs6VOHO5apormkGsDiU0ESmntb6Zlp7RhRGAE%26sig%3DAOD64_2o5ohZGKr2a051__Pg59UcMfLUpw%26client%3Dca-pub-2305304999188653%26dbm_c%3DAKAmf-AjVIMWIhz0crwVMdxKaiR9kCLxVMZE55pUoVDhqAPGSV-4GlE9GH8ES9xrWBAr83i_A8UvNWyM4RnLIQVYVvFrE3GNENMiAm1N0fbEAQnkKyryG2DvHd7TxQ4nJfaetV2nquF9akDFxg4ECsB1_lojrpwkAuAihbrTK7ksDZ_yxOTfvdkD1wZlpNHtHE8qaYehx2qfgYbgP9Azi-5gkiCoMaUCK5f-BNvz9O1R7QCugV3qsnfMy_niSMZkWn3rcNC1MTPrlpS-L9SMcWKMqq-yi_Fd3Leycz9A_U8oJlUyffs1PGo%26cry%3D1%26dbm_d%3DAKAmf-Ce0ZZH6wHgFGPLItshA3xN2sH4Rw6satzQB7i4rynkUDY4PeA44t6z9tydp_qz-3F8oGhDoFkty1_oKAYBen08zYIvhrHBR39oflnF657DUt2TpaEvubFoxme-g6-LXPCI1fYEGmyAmeqtZiqsCByOY4NlWtZM6Jh-Ktczg5Z9bTZffNFD9JNE5V-hROirTFcdHDpBGQFSAQqfFi-xZeaU91c98dNm1giXhH6Mf_KY5UJkuscKuuYKHa33AC3qh-M_Olu-Hedkp14o_mtenddLOC2sdNj5oVD376dIwX2o93osNKCftBWCClBi37bYLqSbd9PT__OkO3UJxQH2j909-rPodT6IoQPSRqIt6TEX0y2-LG0eKMsv4Sxd3OmZPdDsbyMq4dJLj2fUYnQNbHoZXGqD0zN1POHkiiVPo7fgYzqffcj39KwlpfH2F1rPog41dVnSQIINbi4JJ8ejK-9eKuDJT3XzxKomrIqY7YoH7SnznEC6sOKcnu4VTw1QL7l8A8hgNtPa7djHANMKxdmFrzBE1vtto5D0pc801Q2OpZcAxeC9dqICp34JhjDBg4CWz4e_rRgKqQxIv8zKL1jbd-1dZkwilc6Fy4Yei35tyWog8vtdK_fUzhdUib8wsoYr_lKwZnebQcMEBIlhzC5hJ4juUMv9tc4P4OSsuyHydcwBr3BmpnjxCa-rDSecsgofPMC35GLU_E0uZaXDbncD-gG36w%26adurl%3D&cb=1780507324881240&url=https%3A%2F%2Ffinance.yahoo.com%2Fquote%2FCL%3DF%2F&urle=https%3A%2F%2Ffinance.yahoo.com%2Fquote%2FCL%253DF%2F&bundle_id=&line=23789406360&gdpr=0&gdpr_consent=&addtl_consent=&domain=finance.yahoo.com&s=doubleclick:236
[    4770ms] [LOG] Mengubah: translate3d(850px, 0, 0) -> translate(850px, 0) @ https://staticcdn.enzymic.co/VzWdpezFbNx9a4v0?c=https%3A%2F%2Fgoogleads.g.doubleclick.net%2Fdbm%2Fclk%3Fsa%3DL%26ai%3DCG7bpvGIgatjkNa6Uid4P65C0wAK1s_S_hwHHzu_W8xX4qb25oEgQASDBgouaAWCf0aEGoAGOq9j9QsgBCakCnBgpzT0ggT6oAwHIA5sEqgSjAk_QpwlUL-AJss0_mNbDh3qUeqLsJKrYdr0DLiIx9_wSeKV-gASubCpFguCidVAOYuAS4DBtPfFXxBo7QOrNI_jky1-OSHxR764mWEkFYgj-MgKJQzDKyg-3rvnVrutg1LdvfjRHJtnrrtRvjnXjl0MTMyvGw7vu5eWCm4ViTVL07hPuRxR5i-CueWPfemhHSVYwK6AVJXtOxmzmbgsOOpCAhnh8RK26zBkuDHg8vvYVd2-zicdzHsNi0IclSv0RD_sbGCDlqT57laX8b38W70tg8xpJPT_UUcvdQCueg8u7VtDC8rMyABqMME63YKYqWg0au26zdFZN411Uw6Ia_HDnIgW_5UTlf-BBA5TCCADY0c3zE686LsxnaIe_zG8SWNFLR8AEr7vb7OcF4AQDiAWYkdbPWJAGAaAGTYAHjuOo3R2oB6fMsQKoB6a-G6gHzM6xAqgH89EbqAeW2BuoB6qbsQKoB47OG6gHk9gbqAfw4BuoB-6WsQKoB_6esQKoB6--sQKoB9XJG6gH2baxAqgHmgaoB_-esQKoB9-fsQKoB_jCsQKoB_vCsQKoB-fXsQLYBwDSCDIIgGEQARgdMgiKgoCAgICACDoPgECAwICAgICIgAKog4AQSL39wTpYgZf51MrrlANgAYAKA5gLAcgLAYAMAaIMCCoGCgSW4rECqg0CVFfiDRMItr351MrrlAMVLkrCBR1rCA0o6g0TCOWF-tTK65QDFS5KwgUdawgNKPANAYgO____________AbAT_YSwItATANgTDdgUAdAVAcoWAgoA-BYBgBcBshcQGAIqCjc0OTkwMjY1MDBQBqoYFwkAAAAAsLP5QBIKNzQ5OTAyNjUwMBgBshgJEgKRVBhNIgEA0BkB%26ae%3D1%26num%3D1%26cid%3DCAQSngIAEQoqgefvLfNdTHmSCCGtVBTq39rhTyxSywbNnmpp7R81GtQvxT0F6vPnqhmWZspYBDp-0sWyvlFomxHfk8uQ65P_hTFBaFD_zJRogM4kK6d9DNaujiXeFav5N8O9QdIgYnd-f-2WRUeTVQf9ToZfHnk4M3ZBA6DxM9UZpkx9HjauSvP7zZQ8YcWgUQb_Ywa7OPxBgXYftmein0FbslJpE10tlQaIUjWBPo3MB3hGC_Zrva5gsIOuWbQpWkbKIVyX0InadRRB3uNihxnwX1CtYHdDVGs_UWbDek9B52J_nl2ymVI4iHTx4AyR5aBOjQiFWLRl3Nv6TghPGJNPQ6tPYAvUgTgs6VOHO5apormkGsDiU0ESmntb6Zlp7RhRGAE%26sig%3DAOD64_2o5ohZGKr2a051__Pg59UcMfLUpw%26client%3Dca-pub-2305304999188653%26dbm_c%3DAKAmf-AjVIMWIhz0crwVMdxKaiR9kCLxVMZE55pUoVDhqAPGSV-4GlE9GH8ES9xrWBAr83i_A8UvNWyM4RnLIQVYVvFrE3GNENMiAm1N0fbEAQnkKyryG2DvHd7TxQ4nJfaetV2nquF9akDFxg4ECsB1_lojrpwkAuAihbrTK7ksDZ_yxOTfvdkD1wZlpNHtHE8qaYehx2qfgYbgP9Azi-5gkiCoMaUCK5f-BNvz9O1R7QCugV3qsnfMy_niSMZkWn3rcNC1MTPrlpS-L9SMcWKMqq-yi_Fd3Leycz9A_U8oJlUyffs1PGo%26cry%3D1%26dbm_d%3DAKAmf-Ce0ZZH6wHgFGPLItshA3xN2sH4Rw6satzQB7i4rynkUDY4PeA44t6z9tydp_qz-3F8oGhDoFkty1_oKAYBen08zYIvhrHBR39oflnF657DUt2TpaEvubFoxme-g6-LXPCI1fYEGmyAmeqtZiqsCByOY4NlWtZM6Jh-Ktczg5Z9bTZffNFD9JNE5V-hROirTFcdHDpBGQFSAQqfFi-xZeaU91c98dNm1giXhH6Mf_KY5UJkuscKuuYKHa33AC3qh-M_Olu-Hedkp14o_mtenddLOC2sdNj5oVD376dIwX2o93osNKCftBWCClBi37bYLqSbd9PT__OkO3UJxQH2j909-rPodT6IoQPSRqIt6TEX0y2-LG0eKMsv4Sxd3OmZPdDsbyMq4dJLj2fUYnQNbHoZXGqD0zN1POHkiiVPo7fgYzqffcj39KwlpfH2F1rPog41dVnSQIINbi4JJ8ejK-9eKuDJT3XzxKomrIqY7YoH7SnznEC6sOKcnu4VTw1QL7l8A8hgNtPa7djHANMKxdmFrzBE1vtto5D0pc801Q2OpZcAxeC9dqICp34JhjDBg4CWz4e_rRgKqQxIv8zKL1jbd-1dZkwilc6Fy4Yei35tyWog8vtdK_fUzhdUib8wsoYr_lKwZnebQcMEBIlhzC5hJ4juUMv9tc4P4OSsuyHydcwBr3BmpnjxCa-rDSecsgofPMC35GLU_E0uZaXDbncD-gG36w%26adurl%3D&cb=1780507324881240&url=https%3A%2F%2Ffinance.yahoo.com%2Fquote%2FCL%3DF%2F&urle=https%3A%2F%2Ffinance.yahoo.com%2Fquote%2FCL%253DF%2F&bundle_id=&line=23789406360&gdpr=0&gdpr_consent=&addtl_consent=&domain=finance.yahoo.com&s=doubleclick:236
[    4770ms] [LOG] Mengubah: translate3d(850px, 0, 0) -> translate(850px, 0) @ https://staticcdn.enzymic.co/VzWdpezFbNx9a4v0?c=https%3A%2F%2Fgoogleads.g.doubleclick.net%2Fdbm%2Fclk%3Fsa%3DL%26ai%3DCG7bpvGIgatjkNa6Uid4P65C0wAK1s_S_hwHHzu_W8xX4qb25oEgQASDBgouaAWCf0aEGoAGOq9j9QsgBCakCnBgpzT0ggT6oAwHIA5sEqgSjAk_QpwlUL-AJss0_mNbDh3qUeqLsJKrYdr0DLiIx9_wSeKV-gASubCpFguCidVAOYuAS4DBtPfFXxBo7QOrNI_jky1-OSHxR764mWEkFYgj-MgKJQzDKyg-3rvnVrutg1LdvfjRHJtnrrtRvjnXjl0MTMyvGw7vu5eWCm4ViTVL07hPuRxR5i-CueWPfemhHSVYwK6AVJXtOxmzmbgsOOpCAhnh8RK26zBkuDHg8vvYVd2-zicdzHsNi0IclSv0RD_sbGCDlqT57laX8b38W70tg8xpJPT_UUcvdQCueg8u7VtDC8rMyABqMME63YKYqWg0au26zdFZN411Uw6Ia_HDnIgW_5UTlf-BBA5TCCADY0c3zE686LsxnaIe_zG8SWNFLR8AEr7vb7OcF4AQDiAWYkdbPWJAGAaAGTYAHjuOo3R2oB6fMsQKoB6a-G6gHzM6xAqgH89EbqAeW2BuoB6qbsQKoB47OG6gHk9gbqAfw4BuoB-6WsQKoB_6esQKoB6--sQKoB9XJG6gH2baxAqgHmgaoB_-esQKoB9-fsQKoB_jCsQKoB_vCsQKoB-fXsQLYBwDSCDIIgGEQARgdMgiKgoCAgICACDoPgECAwICAgICIgAKog4AQSL39wTpYgZf51MrrlANgAYAKA5gLAcgLAYAMAaIMCCoGCgSW4rECqg0CVFfiDRMItr351MrrlAMVLkrCBR1rCA0o6g0TCOWF-tTK65QDFS5KwgUdawgNKPANAYgO____________AbAT_YSwItATANgTDdgUAdAVAcoWAgoA-BYBgBcBshcQGAIqCjc0OTkwMjY1MDBQBqoYFwkAAAAAsLP5QBIKNzQ5OTAyNjUwMBgBshgJEgKRVBhNIgEA0BkB%26ae%3D1%26num%3D1%26cid%3DCAQSngIAEQoqgefvLfNdTHmSCCGtVBTq39rhTyxSywbNnmpp7R81GtQvxT0F6vPnqhmWZspYBDp-0sWyvlFomxHfk8uQ65P_hTFBaFD_zJRogM4kK6d9DNaujiXeFav5N8O9QdIgYnd-f-2WRUeTVQf9ToZfHnk4M3ZBA6DxM9UZpkx9HjauSvP7zZQ8YcWgUQb_Ywa7OPxBgXYftmein0FbslJpE10tlQaIUjWBPo3MB3hGC_Zrva5gsIOuWbQpWkbKIVyX0InadRRB3uNihxnwX1CtYHdDVGs_UWbDek9B52J_nl2ymVI4iHTx4AyR5aBOjQiFWLRl3Nv6TghPGJNPQ6tPYAvUgTgs6VOHO5apormkGsDiU0ESmntb6Zlp7RhRGAE%26sig%3DAOD64_2o5ohZGKr2a051__Pg59UcMfLUpw%26client%3Dca-pub-2305304999188653%26dbm_c%3DAKAmf-AjVIMWIhz0crwVMdxKaiR9kCLxVMZE55pUoVDhqAPGSV-4GlE9GH8ES9xrWBAr83i_A8UvNWyM4RnLIQVYVvFrE3GNENMiAm1N0fbEAQnkKyryG2DvHd7TxQ4nJfaetV2nquF9akDFxg4ECsB1_lojrpwkAuAihbrTK7ksDZ_yxOTfvdkD1wZlpNHtHE8qaYehx2qfgYbgP9Azi-5gkiCoMaUCK5f-BNvz9O1R7QCugV3qsnfMy_niSMZkWn3rcNC1MTPrlpS-L9SMcWKMqq-yi_Fd3Leycz9A_U8oJlUyffs1PGo%26cry%3D1%26dbm_d%3DAKAmf-Ce0ZZH6wHgFGPLItshA3xN2sH4Rw6satzQB7i4rynkUDY4PeA44t6z9tydp_qz-3F8oGhDoFkty1_oKAYBen08zYIvhrHBR39oflnF657DUt2TpaEvubFoxme-g6-LXPCI1fYEGmyAmeqtZiqsCByOY4NlWtZM6Jh-Ktczg5Z9bTZffNFD9JNE5V-hROirTFcdHDpBGQFSAQqfFi-xZeaU91c98dNm1giXhH6Mf_KY5UJkuscKuuYKHa33AC3qh-M_Olu-Hedkp14o_mtenddLOC2sdNj5oVD376dIwX2o93osNKCftBWCClBi37bYLqSbd9PT__OkO3UJxQH2j909-rPodT6IoQPSRqIt6TEX0y2-LG0eKMsv4Sxd3OmZPdDsbyMq4dJLj2fUYnQNbHoZXGqD0zN1POHkiiVPo7fgYzqffcj39KwlpfH2F1rPog41dVnSQIINbi4JJ8ejK-9eKuDJT3XzxKomrIqY7YoH7SnznEC6sOKcnu4VTw1QL7l8A8hgNtPa7djHANMKxdmFrzBE1vtto5D0pc801Q2OpZcAxeC9dqICp34JhjDBg4CWz4e_rRgKqQxIv8zKL1jbd-1dZkwilc6Fy4Yei35tyWog8vtdK_fUzhdUib8wsoYr_lKwZnebQcMEBIlhzC5hJ4juUMv9tc4P4OSsuyHydcwBr3BmpnjxCa-rDSecsgofPMC35GLU_E0uZaXDbncD-gG36w%26adurl%3D&cb=1780507324881240&url=https%3A%2F%2Ffinance.yahoo.com%2Fquote%2FCL%3DF%2F&urle=https%3A%2F%2Ffinance.yahoo.com%2Fquote%2FCL%253DF%2F&bundle_id=&line=23789406360&gdpr=0&gdpr_consent=&addtl_consent=&domain=finance.yahoo.com&s=doubleclick:236
[    4771ms] [LOG] Proses pembersihan Google Web Designer Style selesai. @ https://staticcdn.enzymic.co/VzWdpezFbNx9a4v0?c=https%3A%2F%2Fgoogleads.g.doubleclick.net%2Fdbm%2Fclk%3Fsa%3DL%26ai%3DCG7bpvGIgatjkNa6Uid4P65C0wAK1s_S_hwHHzu_W8xX4qb25oEgQASDBgouaAWCf0aEGoAGOq9j9QsgBCakCnBgpzT0ggT6oAwHIA5sEqgSjAk_QpwlUL-AJss0_mNbDh3qUeqLsJKrYdr0DLiIx9_wSeKV-gASubCpFguCidVAOYuAS4DBtPfFXxBo7QOrNI_jky1-OSHxR764mWEkFYgj-MgKJQzDKyg-3rvnVrutg1LdvfjRHJtnrrtRvjnXjl0MTMyvGw7vu5eWCm4ViTVL07hPuRxR5i-CueWPfemhHSVYwK6AVJXtOxmzmbgsOOpCAhnh8RK26zBkuDHg8vvYVd2-zicdzHsNi0IclSv0RD_sbGCDlqT57laX8b38W70tg8xpJPT_UUcvdQCueg8u7VtDC8rMyABqMME63YKYqWg0au26zdFZN411Uw6Ia_HDnIgW_5UTlf-BBA5TCCADY0c3zE686LsxnaIe_zG8SWNFLR8AEr7vb7OcF4AQDiAWYkdbPWJAGAaAGTYAHjuOo3R2oB6fMsQKoB6a-G6gHzM6xAqgH89EbqAeW2BuoB6qbsQKoB47OG6gHk9gbqAfw4BuoB-6WsQKoB_6esQKoB6--sQKoB9XJG6gH2baxAqgHmgaoB_-esQKoB9-fsQKoB_jCsQKoB_vCsQKoB-fXsQLYBwDSCDIIgGEQARgdMgiKgoCAgICACDoPgECAwICAgICIgAKog4AQSL39wTpYgZf51MrrlANgAYAKA5gLAcgLAYAMAaIMCCoGCgSW4rECqg0CVFfiDRMItr351MrrlAMVLkrCBR1rCA0o6g0TCOWF-tTK65QDFS5KwgUdawgNKPANAYgO____________AbAT_YSwItATANgTDdgUAdAVAcoWAgoA-BYBgBcBshcQGAIqCjc0OTkwMjY1MDBQBqoYFwkAAAAAsLP5QBIKNzQ5OTAyNjUwMBgBshgJEgKRVBhNIgEA0BkB%26ae%3D1%26num%3D1%26cid%3DCAQSngIAEQoqgefvLfNdTHmSCCGtVBTq39rhTyxSywbNnmpp7R81GtQvxT0F6vPnqhmWZspYBDp-0sWyvlFomxHfk8uQ65P_hTFBaFD_zJRogM4kK6d9DNaujiXeFav5N8O9QdIgYnd-f-2WRUeTVQf9ToZfHnk4M3ZBA6DxM9UZpkx9HjauSvP7zZQ8YcWgUQb_Ywa7OPxBgXYftmein0FbslJpE10tlQaIUjWBPo3MB3hGC_Zrva5gsIOuWbQpWkbKIVyX0InadRRB3uNihxnwX1CtYHdDVGs_UWbDek9B52J_nl2ymVI4iHTx4AyR5aBOjQiFWLRl3Nv6TghPGJNPQ6tPYAvUgTgs6VOHO5apormkGsDiU0ESmntb6Zlp7RhRGAE%26sig%3DAOD64_2o5ohZGKr2a051__Pg59UcMfLUpw%26client%3Dca-pub-2305304999188653%26dbm_c%3DAKAmf-AjVIMWIhz0crwVMdxKaiR9kCLxVMZE55pUoVDhqAPGSV-4GlE9GH8ES9xrWBAr83i_A8UvNWyM4RnLIQVYVvFrE3GNENMiAm1N0fbEAQnkKyryG2DvHd7TxQ4nJfaetV2nquF9akDFxg4ECsB1_lojrpwkAuAihbrTK7ksDZ_yxOTfvdkD1wZlpNHtHE8qaYehx2qfgYbgP9Azi-5gkiCoMaUCK5f-BNvz9O1R7QCugV3qsnfMy_niSMZkWn3rcNC1MTPrlpS-L9SMcWKMqq-yi_Fd3Leycz9A_U8oJlUyffs1PGo%26cry%3D1%26dbm_d%3DAKAmf-Ce0ZZH6wHgFGPLItshA3xN2sH4Rw6satzQB7i4rynkUDY4PeA44t6z9tydp_qz-3F8oGhDoFkty1_oKAYBen08zYIvhrHBR39oflnF657DUt2TpaEvubFoxme-g6-LXPCI1fYEGmyAmeqtZiqsCByOY4NlWtZM6Jh-Ktczg5Z9bTZffNFD9JNE5V-hROirTFcdHDpBGQFSAQqfFi-xZeaU91c98dNm1giXhH6Mf_KY5UJkuscKuuYKHa33AC3qh-M_Olu-Hedkp14o_mtenddLOC2sdNj5oVD376dIwX2o93osNKCftBWCClBi37bYLqSbd9PT__OkO3UJxQH2j909-rPodT6IoQPSRqIt6TEX0y2-LG0eKMsv4Sxd3OmZPdDsbyMq4dJLj2fUYnQNbHoZXGqD0zN1POHkiiVPo7fgYzqffcj39KwlpfH2F1rPog41dVnSQIINbi4JJ8ejK-9eKuDJT3XzxKomrIqY7YoH7SnznEC6sOKcnu4VTw1QL7l8A8hgNtPa7djHANMKxdmFrzBE1vtto5D0pc801Q2OpZcAxeC9dqICp34JhjDBg4CWz4e_rRgKqQxIv8zKL1jbd-1dZkwilc6Fy4Yei35tyWog8vtdK_fUzhdUib8wsoYr_lKwZnebQcMEBIlhzC5hJ4juUMv9tc4P4OSsuyHydcwBr3BmpnjxCa-rDSecsgofPMC35GLU_E0uZaXDbncD-gG36w%26adurl%3D&cb=1780507324881240&url=https%3A%2F%2Ffinance.yahoo.com%2Fquote%2FCL%3DF%2F&urle=https%3A%2F%2Ffinance.yahoo.com%2Fquote%2FCL%253DF%2F&bundle_id=&line=23789406360&gdpr=0&gdpr_consent=&addtl_consent=&domain=finance.yahoo.com&s=doubleclick:245
[    4792ms] [ERROR] Attestation check for Shared Storage on https://www.googleadservices.com failed. @ https://www.googleadservices.com/pagead/managed/js/activeview/current/reach_worklet.html:0
[    4823ms] [ERROR] Loading the image 'https://csync.loopme.me/?pubid=17106&gdpr=0&gdpr_consent=&us_privacy=1---&gpp_sid=-1&gpp=DBAA&redirect=https%3A%2F%2Fpbs.yahoo.com%2Fsetuid%3Fbidder%3Dloopme%26gdpr%3D0%26gdpr_consent%3D%26gpp%3DDBAA%26gpp_sid%3D-1%26f%3Di%26uid%3D%7Bviewer_token%7D' violates the following Content Security Policy directive: "img-src 'self' data: blob: about: https://*.amazon-adsystem.com https://*.chartbeat.com https://*.chartbeat.net https://*.cloudfront.net/pixel.gif https://*.dotomi.com https://*.wc.yahoodns.net https://*.yahoo.com https://*.yahoo.net https://*.yimg.com https://media.zenfs.com https://o.aolcdn.com/images/dims https://pbs.twimg.com https://pbs-yahoo-us.ay.delivery https://pbs-yahoo-eu.ay.delivery https://pbs-yahoo-apac.ay.delivery https://platform.twitter.com https://public.flourish.studio/resources/ https://res.cloudinary.com/yfc-nonprod/ https://res.cloudinary.com/yfc-production/ https://s2.coinmarketcap.com/static/img/coins/ https://*.cryptoslam.io https://sb.scorecardresearch.com https://smetrics.att.com/b/ss/attnetprod/ https://syndication.twitter.com https://vop-yahoo.akamaized.net/pixel.gif https://www.facebook.com https://cdn.yodlee.com https://news-assets.stockstory.org https://*.googleadservices.com https://*.googlesyndication.com https://*.googletagservices.com https://*.1rx.io https://*.3lift.com https://*.adnxs.com https://*.adsafeprotected.com/ https://*.adsrvr.org https://*.adtrafficquality.google https://*.casalemedia.com https://*.cootlogix.com https://*.creativecdn.com https://*.criteo.com https://*.disqus.com https://*.emxdgt.com https://*.everesttech.net https://*.gumgum.com https://*.indexww.com/ https://*.kargo.com https://*.kueezrtb.com https://*.liadm.com https://*.lijit.com https://*.lijit.com/ https://*.media.net https://*.mediago.io https://*.openx.net https://*.pubmatic.com https://*.rfihub.com https://*.rubiconproject.com https://*.sharethrough.com https://*.sonobi.com https://*.taboola.com https://*.yellowblue.io https://*.yieldmo.com https://*.bidswitch.net https://api-taboola.com https://creativecdn.com https://prebid.a-mo.net https://ad-delivery.net https://*.dns-finder.com https://*.google-analytics.com https://*.googletagmanager.com https://*.doubleclick.net https://*.google.com https://*.google.de https://*.google.com.au https://*.google.ca https://*.google.co.uk https://*.google.co.nz https://*.google.com.sg https://*.google.es https://*.google.fr https://*.google.it https://*.google.com.br https://*.google.com.hk https://*.google.co.in". The action has been blocked. @ https://finance.yahoo.com/quote/CL=F/:0
[    4514ms] [ERROR] Attestation check for Shared Storage on https://www.googleadservices.com failed. @ https://www.googleadservices.com/pagead/managed/js/activeview/current/reach_worklet.html:0
[    4697ms] [ERROR] Attestation check for Shared Storage on https://www.googleadservices.com failed. @ https://www.googleadservices.com/pagead/managed/js/activeview/current/reach_worklet.html:0
[    4792ms] [ERROR] Attestation check for Shared Storage on https://www.googleadservices.com failed. @ https://www.googleadservices.com/pagead/managed/js/activeview/current/reach_worklet.html:0
[    4828ms] [ERROR] Loading the image 'https://jadserve.postrelease.com/suid/101787?gdpr=0&gdpr_consent=&us_privacy=1---&ntv_gpp_consent=DBAA&ntv_r=https%3A%2F%2Fpbs.yahoo.com%2Fsetuid%3Fbidder%3Dnativo%26gdpr%3D0%26gdpr_consent%3D%26gpp%3DDBAA%26gpp_sid%3D-1%26f%3Di%26uid%3DNTV_USER_ID' violates the following Content Security Policy directive: "img-src 'self' data: blob: about: https://*.amazon-adsystem.com https://*.chartbeat.com https://*.chartbeat.net https://*.cloudfront.net/pixel.gif https://*.dotomi.com https://*.wc.yahoodns.net https://*.yahoo.com https://*.yahoo.net https://*.yimg.com https://media.zenfs.com https://o.aolcdn.com/images/dims https://pbs.twimg.com https://pbs-yahoo-us.ay.delivery https://pbs-yahoo-eu.ay.delivery https://pbs-yahoo-apac.ay.delivery https://platform.twitter.com https://public.flourish.studio/resources/ https://res.cloudinary.com/yfc-nonprod/ https://res.cloudinary.com/yfc-production/ https://s2.coinmarketcap.com/static/img/coins/ https://*.cryptoslam.io https://sb.scorecardresearch.com https://smetrics.att.com/b/ss/attnetprod/ https://syndication.twitter.com https://vop-yahoo.akamaized.net/pixel.gif https://www.facebook.com https://cdn.yodlee.com https://news-assets.stockstory.org https://*.googleadservices.com https://*.googlesyndication.com https://*.googletagservices.com https://*.1rx.io https://*.3lift.com https://*.adnxs.com https://*.adsafeprotected.com/ https://*.adsrvr.org https://*.adtrafficquality.google https://*.casalemedia.com https://*.cootlogix.com https://*.creativecdn.com https://*.criteo.com https://*.disqus.com https://*.emxdgt.com https://*.everesttech.net https://*.gumgum.com https://*.indexww.com/ https://*.kargo.com https://*.kueezrtb.com https://*.liadm.com https://*.lijit.com https://*.lijit.com/ https://*.media.net https://*.mediago.io https://*.openx.net https://*.pubmatic.com https://*.rfihub.com https://*.rubiconproject.com https://*.sharethrough.com https://*.sonobi.com https://*.taboola.com https://*.yellowblue.io https://*.yieldmo.com https://*.bidswitch.net https://api-taboola.com https://creativecdn.com https://prebid.a-mo.net https://ad-delivery.net https://*.dns-finder.com https://*.google-analytics.com https://*.googletagmanager.com https://*.doubleclick.net https://*.google.com https://*.google.de https://*.google.com.au https://*.google.ca https://*.google.co.uk https://*.google.co.nz https://*.google.com.sg https://*.google.es https://*.google.fr https://*.google.it https://*.google.com.br https://*.google.com.hk https://*.google.co.in". The action has been blocked. @ https://finance.yahoo.com/quote/CL=F/:0
[    4859ms] [ERROR] Attestation check for Shared Storage on https://www.googleadservices.com failed. @ https://www.googleadservices.com/pagead/managed/js/activeview/current/reach_worklet.html:0
[    4873ms] [LOG]  [  0.112s] [studio.sdk] Using default ad parameters in test environment. Simulating local events.  @ https://s0.2mdn.net/ads/studio/Enabler.js:215
[    4935ms] Uncaught Error: Smart Viewability: passed element to measure is not valid and its value is "null"
    at start (https://ced-ns.sascdn.com/diff/templates/ts/dist/ssb/ssb-1.0.js:0:8244)
    at init (https://ced-ns.sascdn.com/diff/templates/ts/dist/ssb/ssb-1.0.js:0:12258)
    at init (https://ced-ns.sascdn.com/diff/templates/ts/dist/ssb/ssb-1.0.js:0:12771)
    at s (https://ced-ns.sascdn.com/diff/templates/ts/dist/ssb/ssb-1.0.js:0:12642)
    at sasSsbLib.onload (:0:549)
[    4514ms] [ERROR] Attestation check for Shared Storage on https://www.googleadservices.com failed. @ https://www.googleadservices.com/pagead/managed/js/activeview/current/reach_worklet.html:0
[    4697ms] [ERROR] Attestation check for Shared Storage on https://www.googleadservices.com failed. @ https://www.googleadservices.com/pagead/managed/js/activeview/current/reach_worklet.html:0
[    4792ms] [ERROR] Attestation check for Shared Storage on https://www.googleadservices.com failed. @ https://www.googleadservices.com/pagead/managed/js/activeview/current/reach_worklet.html:0
[    4859ms] [ERROR] Attestation check for Shared Storage on https://www.googleadservices.com failed. @ https://www.googleadservices.com/pagead/managed/js/activeview/current/reach_worklet.html:0
[    5064ms] [ERROR] Attestation check for Shared Storage on https://www.googleadservices.com failed. @ https://www.googleadservices.com/pagead/managed/js/activeview/current/reach_worklet.html:0
[    5167ms] [DIR] SyntaxError @ :0
[    5323ms] [TIMEEND] a: 0.0009765625 ms @ https://static.adsafeprotected.com/sca.17.6.4.js:31
[    5425ms] [DIR] SyntaxError @ :0
[    5499ms] [ERROR] Failed to load resource: the server responded with a status of 400 () @ https://cm.mgid.com/m?cdsp=834149&c=524baeac-eaca-412f-8edd-6b0a48142331:0
[    5503ms] [WARNING] The powerPreference option is currently ignored when calling requestAdapter() on Windows. See https://crbug.com/369219127 @ https://js.ad-score.com/score.min.js?pid=1000942&tt=g:1
[    5681ms] [WARNING] The powerPreference option is currently ignored when calling requestAdapter() on Windows. See https://crbug.com/369219127 @ https://js.ad-score.com/score.min.js?pid=1000942&tt=g:1
[    6050ms] SecurityError: Failed to read a named property 'document' from 'Window': Blocked a frame with origin "https://692133fad5218685ab6a6abb06ce69b6.safeframe.googlesyndication.com" from accessing a cross-origin frame.
    at <anonymous>:1:62335
    at ft (<anonymous>:1:113926)
[    6050ms] SecurityError: Failed to read a named property 'document' from 'Window': Blocked a frame with origin "https://692133fad5218685ab6a6abb06ce69b6.safeframe.googlesyndication.com" from accessing a cross-origin frame.
    at <anonymous>:1:62335
    at ft (<anonymous>:1:113926)
[    6416ms] [ERROR] Failed to load resource: net::ERR_NAME_NOT_RESOLVED @ https://cs.iqzone.com/6f0476ca45e1d6b67e3ee8d57532a022.gif?redir=https%3A%2F%2Fsync.cootlogix.com%2Fapi%2Fcookie%3FpartnerId%3Diqzone%26gdpr%3D0%26gdpr_consent%3D%26us_privacy%3D1---%26userId%3D%5BUID%5D&gdpr=0&gdpr_consent=&ccpa=1---:0
[    6742ms] [WARNING] An iframe which has both allow-scripts and allow-same-origin for its sandbox attribute can escape its sandboxing. @ https://s.yimg.com/aaq/f10d509c/d3lm64ch1c76ug.js:2
[    6748ms] [WARNING] An iframe which has both allow-scripts and allow-same-origin for its sandbox attribute can escape its sandboxing. @ https://s.yimg.com/aaq/f10d509c/d3lm64ch1c76ug.js:2
[    6868ms] [ERROR] Access to XMLHttpRequest at 'https://hbx.media.net/checksync.php?vsSync=1&cs=8&cv=31&https=1&cid=8CUM6JX5T&prvid=2012,2034,2055,2031,172,2030,590,251,2009,770,233,3018,597,2027,3017,214,236,313,2124,237,413,710,117,636,70,319,55,99,77,20000,2023,2045,2022,460,581,462,122,244,201,2039,3007,246,345,126,203,722,80&itype=PREBID&purpose1=1&gdprconsent=1&gdpr=0&coppa=0&usp_status=0&usp_consent=1&uspstring=1---&gpp=DBAA&gpp_sid=-1&dn=finance.yahoo.com' from origin 'https://finance.yahoo.com' has been blocked by CORS policy: No 'Access-Control-Allow-Origin' header is present on the requested resource. @ https://finance.yahoo.com/quote/CL=F/:0
[    6869ms] [ERROR] Failed to load resource: net::ERR_FAILED @ https://hbx.media.net/checksync.php?vsSync=1&cs=8&cv=31&https=1&cid=8CUM6JX5T&prvid=2012,2034,2055,2031,172,2030,590,251,2009,770,233,3018,597,2027,3017,214,236,313,2124,237,413,710,117,636,70,319,55,99,77,20000,2023,2045,2022,460,581,462,122,244,201,2039,3007,246,345,126,203,722,80&itype=PREBID&purpose1=1&gdprconsent=1&gdpr=0&coppa=0&usp_status=0&usp_consent=1&uspstring=1---&gpp=DBAA&gpp_sid=-1&dn=finance.yahoo.com:0
[    7032ms] [ERROR] Failed to load resource: the server responded with a status of 404 (Not Found) @ https://us4.shb-sync.com/a760a5a7-e35e-49b8-9f5e-723455346741.gif?puid=d6831260-f000-1b40-7326-ad918a98bcb6&gdpr=0&gdpr_consent=0ccpa=1---:0
[    7153ms] [ERROR] Failed to load resource: the server responded with a status of 400 () @ https://eb2.3lift.com/xuid?idenv=:0
[    9771ms] [ERROR] Failed to load resource: net::ERR_TOO_MANY_REDIRECTS @ https://user-sync.fwmrm.net/ad/u?mode=user-register&dspid=30&gdpr=&gdpr_consent=&dspuid=69c782b8-01f7-4796-9a56-dc00e3f75c53:0
